,cut1,cut2,cut3,cut4,cut5,cut6,cut7,w1,w2,w3,w4,w5,w6,w7
Br;C+,3.4334216,3.4708002,3.7854939,3.9483588,3.97612,4.1342826,4.129812,-0.21045259,-0.120847106,0.11409831,0.25168067,-0.038947795,1.7265898,0.6803339
Br;C1,3.5916946,3.807568,4.2874947,4.24809,4.3316655,4.4775,4.6975884,2.396603,-0.29268953,-0.9232386,-0.3250894,-0.08351709,0.20815,-0.029521147
Br;C2,3.363562,3.6648133,3.824254,4.1870623,4.324019,4.5204186,4.689655,0.20434655,-0.61338973,-0.4656171,-0.16644366,0.7758336,1.6974237,0.27605
Br;C3,2.8839326,3.3695233,3.6061025,3.843156,4.250985,4.4981456,4.500113,-1.4952377,0.056058493,0.58783543,0.031511765,-0.0157576,0.15941873,0.018435147
Br;Cac,3.9028604,3.9405534,4.1851096,4.284154,4.407003,4.5225,4.9648676,-0.89803404,-0.35840282,-0.47404754,0.103165045,0.46764126,0.23783612,1.1756968
Br;Car,3.7201824,3.7954428,3.9581203,4.251043,4.500573,4.5012584,4.8276014,-0.18768056,-0.23252983,-0.6066113,-0.49124727,-0.11854952,-0.32913125,-0.52580035
Br;HO,3.2691789,3.475942,3.8742533,4.098313,4.245864,4.500465,4.750663,-0.87273794,1.848108,1.3932067,2.1346285,1.2419463,-0.07561678,-2.3387754
Br;N2,3.664333,3.7803154,4.0406623,4.3149457,4.4493937,4.615633,4.856328,1.0089298,0.36785468,-0.53484535,1.6927395,0.19359344,0.5723877,-0.7771998
Br;N3+,3.8960543,4.0365767,4.175,4.34,4.4369392,4.674299,4.9319587,-0.10912207,-0.9641742,-0.8067298,0.0,0.15171425,0.8586676,-1.1429057
Br;Nam,3.3100858,3.747806,3.8952231,4.007608,4.302303,4.573897,4.700821,-1.3754312,-0.032776095,0.256209,-0.35361448,-0.7441476,0.026015384,-0.27095416
Br;Nar,4.4726486,4.482349,4.3019648,4.3855014,4.589662,4.5973873,4.5132113,-1.133319,-0.8248527,-0.45174354,-0.6253059,-0.7430646,-0.3537459,0.14729165
Br;Ng+,3.4404502,3.5754702,3.7010686,3.9233172,4.182112,4.34906,4.5954714,-2.558766,-1.0302321,0.4525051,0.81901306,2.1168437,0.40735936,0.5087982
Br;O.co2,3.2583425,3.631736,3.82,4.028362,4.41417,4.390925,4.604623,-0.20537814,0.15219408,-0.08929543,0.031994026,1.4680836,1.0666696,-0.14219376
Br;O2,2.97722,3.2823553,3.579811,3.925664,4.238698,4.5927124,4.546947,-0.20127368,-0.9200919,-0.07550757,-1.277502,0.12565511,-0.8515567,-0.4466392
Br;O3,3.7845774,3.856065,4.070894,4.197595,4.429705,4.641465,4.7508826,-0.66132635,0.2555959,1.1129651,0.5292505,0.22313842,1.3255693,0.8701042
Br;S3,3.3815095,3.6461058,3.8650897,4.1349893,4.279956,4.539664,4.7334294,-1.5453038,0.18815473,0.59659696,-0.101393506,0.037155405,-0.040686797,0.8587981
C+;C+,3.457021,3.747973,4.0073824,4.012787,4.336923,4.5784893,4.57894,-0.3547528,-2.401255,-0.25979874,0.12256756,0.48366728,-1.189204,-0.12601563
C+;C-,3.662008,3.8714788,3.753964,4.216801,4.416011,4.5516553,4.794565,0.5695105,-0.76323754,-0.16768788,-0.34247944,0.107310176,-0.01955961,0.48256055
C+;C1,3.6938095,3.8908746,4.0174747,4.28025,4.363373,4.5408754,4.735118,0.06207083,-2.1915998,0.9983873,-0.44823703,0.44276232,0.27515534,-0.21471205
C+;C2,3.5371404,3.841675,3.9687839,4.0731554,4.310324,4.7135797,4.7115297,-1.8190941,-0.42378262,-0.61068225,-0.10928866,0.12970577,0.19804478,0.11511207
C+;C3,3.1946006,3.5651226,3.7359447,3.9747944,4.4438696,4.5294933,4.750608,2.5844457,0.32359654,-0.023850638,0.14023146,0.007555135,-0.016945302,0.1707437
C+;Ca,4.8592486,4.858486,4.938028,4.7769585,4.777831,4.7905827,4.932817,-1.7246238,-1.8972147,-1.9280082,-2.1086156,-2.1212583,-2.0198405,-2.0058103
C+;Cac,3.6537557,3.7599456,4.128656,4.15891,4.402056,4.7686644,5.177308,-1.4836553,-0.24373993,-0.08086804,-0.123991005,-0.27639952,0.19947778,-0.83999044
C+;Car,3.1148384,3.3549283,3.7580113,3.990374,4.176898,4.397649,4.6460843,-2.1345868,0.41171753,0.119730875,-0.30636135,0.0069276365,0.23490784,0.120104834
C+;Cl,3.399155,3.766946,3.862046,4.1555996,4.319734,4.488408,4.781314,0.76296467,1.5242245,0.34917843,-0.051432446,-0.6700171,-0.15697409,-0.956115
C+;F,3.2409875,3.5094216,3.7075229,4.005177,4.142018,4.4481153,4.6464195,1.9222137,-0.6335116,-1.1406863,-0.066432096,0.46257073,0.13158116,-0.6162276
C+;HO,2.7904227,3.0054657,3.6131158,3.7523863,3.9141896,4.4412007,4.7765527,-1.092874,0.3663297,0.025916642,0.1560197,-0.2510587,-0.08868337,-0.4187315
C+;I,4.7193108,4.721053,4.5928626,4.6212616,4.720883,4.7211967,4.992636,0.1131174,0.123871,0.39083835,0.21652494,0.17595722,0.20496625,0.25780812
C+;Mn,3.3417554,3.5292385,3.6212254,3.6662552,4.027034,4.026968,4.258167,0.8042985,-0.03789555,-0.29456428,-0.34871462,-0.20779224,-0.10018946,-0.08894958
C+;N1,3.717432,3.997004,4.172003,4.294086,4.3801904,4.4972215,4.651758,-0.78056216,-1.2182456,0.003172241,0.32147783,-0.17541744,-1.3093994,-0.8920035
C+;N2,3.3118436,3.74706,3.786841,3.8900857,4.22327,4.598958,4.840251,2.3333995,0.18395223,-0.53479624,-0.1032869,0.59027183,-0.5485205,0.23017502
C+;N3,3.7875,3.8615985,4.248328,4.2430778,4.4545527,4.554993,4.554483,-1.3563755,0.4100413,0.816798,-0.23334539,-1.8400217,-0.7254667,-0.3935785
C+;N3+,3.5851157,3.8635893,3.894386,3.9354138,4.422501,4.656268,4.8646364,2.2140915,-1.4379127,-0.15608205,1.1270604,2.0402486,1.398362,0.37032753
C+;Na,4.760305,4.516228,4.494538,4.5414658,4.542003,4.5414762,4.847969,-0.7203308,-0.14986831,-0.16046588,0.01404107,-0.08750737,-0.12527943,-0.18151878
C+;Nam,3.3452203,3.6980617,3.9319663,4.1147957,4.2713757,4.4417005,4.873896,1.1176643,0.25116396,-0.59579206,-0.85207313,-0.37029386,-0.10354815,-0.33859873
C+;Nar,3.4530363,3.5857193,3.7761705,3.9757094,4.2153525,4.4872875,4.892738,1.3171475,0.17569166,1.0120504,-0.20075645,0.2919331,-0.19621074,-0.76585954
C+;Ng+,3.249398,3.6063278,3.943173,4.1478996,4.4364533,4.533159,4.8882794,0.22625495,-1.5613763,0.017735614,-0.35373276,-0.6223926,0.15624017,0.53302
C+;Npl,3.614602,3.7562573,4.034617,4.1385436,4.4797864,4.625836,4.7914295,-1.1191559,-0.14632748,0.79927224,-0.74335116,-1.0997173,-0.47977072,-0.7868758
C+;Ntr,4.157215,4.1934466,4.4837823,4.4923854,4.644385,4.6447115,5.0601277,1.4679871,0.33943757,0.28771964,0.1949594,-0.40154335,-0.7421642,-0.86469334
C+;O.co2,3.2305284,3.5564773,3.8823452,3.9950094,4.225332,4.5531964,4.8453717,0.43270057,-0.072101645,-0.30023277,-0.054852974,0.31858897,-0.22215039,0.91982573
C+;O2,2.7731164,3.1068225,3.4393804,3.7831519,4.018015,4.2045774,4.8057127,1.0554355,-0.4644487,0.0011639026,-0.32806846,-0.19260539,-0.09080434,-0.22742124
C+;O3,2.8881001,3.273488,3.424202,3.5415764,3.9900804,4.554778,4.6858025,-1.7556486,-0.0035185942,-0.1449871,-0.67253,-0.3305477,-0.017953694,-0.46708262
C+;P,4.085708,4.2032113,4.3734374,4.5406904,4.591619,4.620498,5.1675544,0.022126066,-0.4993747,-0.14135182,0.21947318,0.5770139,0.8490466,0.42779124
C+;Pac,3.52125,3.6990802,3.9750168,4.1095266,4.5006814,4.567116,4.8649597,1.0455762,-0.42697328,0.5433019,0.4361845,-0.030963734,0.08433136,-0.1306054
C+;S2,4.1011696,4.031913,4.0346947,4.3205895,4.0715723,4.2154427,4.454358,1.673941,0.6422963,-0.7319764,-1.3578264,-1.3727719,-0.45426533,0.8104523
C+;S3,3.5164106,3.8115282,3.9755409,4.106457,4.4447765,4.5601797,4.844698,1.4005958,1.2338611,0.3684644,0.80130494,-0.063133426,0.13966009,-0.28721035
C+;Sac,4.268613,4.3982377,4.625387,4.823154,4.6834083,4.767308,4.6678324,-0.057012275,0.72474873,0.4148001,0.12456706,-0.204692,-0.145204,0.03565875
C+;So2,3.9966483,4.1156087,4.218064,4.5864024,4.355859,4.787789,4.667789,-0.3087827,0.11304334,-0.70742613,-1.2732509,-0.47620964,-0.88723665,-0.29952002
C-;C1,3.2511804,3.545118,3.7655156,4.1497574,4.2296476,4.5141883,5.1859674,-2.20073,0.013900129,-1.1418743,-0.7526627,0.105231255,0.8585001,0.53356475
C-;C2,3.3715513,3.5752144,3.73904,3.8872814,4.329978,4.5339885,4.7113414,-1.1822855,0.6745328,0.010199713,0.54423094,0.3605571,-0.0531998,0.0712104
C-;C3,3.3939133,3.4698489,3.8492262,3.7390733,4.446005,4.621064,4.8115244,0.8547638,0.35276133,0.2692756,0.13404444,0.16886802,0.031267952,0.08569748
C-;Ca,3.3627865,3.2405593,3.618905,3.5416667,3.6029642,3.630273,4.0695214,0.257163,0.04933144,-0.10360868,0.45375517,-0.12940739,-1.0193318,-1.8517362
C-;Cac,3.6038163,3.4871624,3.8995056,4.2701364,4.418151,4.6506076,4.816726,-0.61011535,-1.126963,-1.5815675,-0.7779282,-0.00074397336,-0.5166523,0.5211922
C-;Car,3.422789,3.3774986,3.8541749,4.1585417,4.3223033,4.4327903,4.842542,0.06145028,0.42542028,0.17405309,-0.08699593,0.17719403,-0.11096701,-0.12115836
C-;Cd,2.8216355,3.0,3.19,3.38,3.57,3.76,3.95,0.7781611,0.3006663,0.0,0.0,0.0,0.0,0.0
C-;Co,2.8684492,3.1485848,3.1492248,3.1447322,2.9006345,3.1461754,3.2412126,2.2118862,0.79837215,0.1558628,-0.24567254,-0.2713085,0.057950567,0.056025796
C-;Cu,3.1239123,3.36,3.62,3.88,4.09846,4.4711995,4.66,0.31503808,0.08313405,0.0,0.0,-0.079679646,-1.2463506,-0.18420948
C-;Fe,2.818817,3.0340688,3.3117158,3.7067537,3.7504647,4.2475,4.53375,0.38357788,-1.0203667,-1.2856996,0.16391481,0.15345101,-0.09243314,0.0
C-;HO,1.9236215,2.947479,2.9551215,3.332801,3.8522341,4.235743,4.6776814,-1.0764577,0.16924648,0.29290748,-0.13504304,-0.113694645,0.21233612,0.53026444
C-;Mg,2.5874674,2.7755241,3.302495,3.5390515,3.8915493,3.9413824,4.428906,3.195168,1.736222,2.3366308,-1.1789329,1.4707874,0.37442964,0.00907757
C-;Mn,2.857811,3.1439495,3.45125,3.745,4.03875,4.2520266,4.62625,0.18102686,-0.67457426,0.20650253,0.0,0.0,-0.59479964,-1.4635384
C-;N2,3.3589282,3.4830565,3.5972862,3.9126737,4.219194,4.6409736,4.780573,0.43023887,-0.25532404,0.15055871,-0.032974266,-0.29279676,0.12609726,-0.3075436
C-;N3,3.2446215,3.4960837,3.5899267,4.2265058,4.223879,4.4328284,4.873832,1.2963154,0.90732324,0.27843094,-1.1145126,-0.61868805,0.83431035,1.2178849
C-;N3+,3.1704118,3.5074725,3.691243,3.8952389,4.320793,4.520721,4.675436,-0.6809266,0.40097123,0.28643405,-0.25115582,0.24592327,-0.6969512,-0.28417572
C-;Na,3.718563,3.794259,3.91375,4.065,4.21625,4.3675,4.5550013,-0.2345778,-0.8061818,-0.014142555,0.0,0.0,0.0,-0.19086194
C-;Nam,2.94839,3.2248602,3.6113622,4.0363145,4.2334504,4.4796515,4.6473303,-0.112734854,-0.38183308,0.051465802,-0.17728257,-0.13736092,0.00059125933,-0.36892948
C-;Nar,3.4518955,3.6894667,3.833014,4.1082153,4.290932,4.5913005,4.9958677,1.5662967,1.0692565,0.15929677,1.0586506,-0.3899206,1.2886509,-1.0569298
C-;Ng+,3.4043493,3.2034755,3.8257153,3.74754,4.107715,4.3693004,5.1189337,-0.22929683,0.0664005,0.14459616,-0.03545504,-0.03118088,0.12925345,-0.088111274
C-;Ni,2.8774095,2.5189347,2.6627529,2.7704363,2.753438,2.9033356,3.1660614,-0.9662589,-1.2590767,-0.91161126,-0.62220895,-0.56306964,-0.32551372,1.095079
C-;Npl,3.2347212,3.5540571,3.7620149,3.911771,4.2757716,4.495392,4.6202054,1.7260114,0.38811636,0.1304008,0.5240427,0.14232732,-0.086455785,-0.4845423
C-;O.co2,3.0462515,3.399216,3.7250528,3.951028,4.2522025,4.6165466,4.917064,0.7990242,1.4190339,1.6564062,0.71482503,0.47740898,-0.03477863,0.25418612
C-;O2,3.0851595,3.405839,3.8303237,4.0051384,4.2155843,4.462804,4.8618493,1.259262,-0.06698201,-0.5916517,-0.2918434,-0.59993064,-0.12023882,0.11406314
C-;O3,2.7197528,3.06742,3.3793654,3.7595212,4.104167,4.51959,4.7426653,-4.0868835,-1.115554,-0.47184652,-0.38780382,-0.09479222,-0.3264744,0.19683707
C-;S3,3.4262154,3.6400833,3.972191,3.9792762,4.3804545,4.605267,5.143849,0.29735026,1.2479935,0.31485826,-0.5761182,-1.2262598,-0.18268912,0.481307
C-;Zn,2.6124864,2.8928027,3.3558502,3.817415,4.1443386,4.202722,4.6569314,0.239978,0.9602117,0.29077962,-0.25239432,1.8330541,-1.0607473,-0.51540196
C1;C1,4.7291517,4.7185283,5.090371,5.179012,4.7935743,5.136957,5.1841617,-1.8431853,-1.9180638,-3.2992175,-2.4283032,-1.5318985,-2.0866103,-1.9868188
C1;C2,3.3864517,3.7090292,4.0111203,4.001043,4.2733974,4.6481895,4.489979,0.82185215,-0.7188432,-0.3629614,-0.16014639,-0.33612755,-0.18883382,-0.101240456
C1;C3,3.2543864,3.3742795,3.8601518,3.9110363,4.221795,4.8536196,4.6496186,2.3637712,-0.3654867,0.00852549,-0.35268492,-0.19704738,0.024274461,0.056597635
C1;Cac,3.806179,4.127043,4.2326727,4.120056,4.4669175,4.748813,5.0467334,-1.14215,-1.1078258,0.06455681,0.2506183,-0.095072806,-0.8533481,-0.576957
C1;Car,3.1957932,3.3592696,3.661175,3.9267309,4.055171,4.5346427,4.624481,1.7724403,0.64717394,-0.07717082,-0.022730181,-0.21899956,0.14484721,0.090687454
C1;Cl,3.9814253,4.0457363,4.2456164,4.3396444,4.56508,4.6226635,5.1642365,0.10218804,-0.23367687,1.4500836,0.2415143,-1.2184787,-0.7659831,-1.7192749
C1;F,2.9103506,3.1223266,3.6263747,3.620528,3.9482667,4.4535394,4.486546,1.3870342,1.8776264,-2.2280982,-0.86723,0.2530093,0.91251695,0.65984267
C1;HO,2.3898556,2.7065723,3.0267854,3.475097,4.0286903,4.2436457,4.718713,-1.5333333,-0.3667973,0.05547356,-0.66361773,0.051857654,-0.2696552,0.46979293
C1;Mn,3.5440993,3.482473,3.341254,3.4514172,3.563466,3.45949,3.5533175,-1.049692,0.1351893,0.07555678,-0.06363006,-0.05244023,0.044850215,-0.06026571
C1;N1,4.469535,4.4925675,4.492234,4.233169,4.2912097,4.493354,4.4941015,2.486022,1.391368,-0.093261875,-0.89309597,-0.5479129,-0.32973906,-0.23690535
C1;N2,3.34375,3.4623766,4.0224214,4.0272613,4.2316484,4.594174,4.8757563,0.030897891,1.11099,0.32102782,0.2660137,0.25937268,-0.7629648,0.87364495
C1;N3,3.5934095,3.278759,3.685,3.9834962,4.015399,4.3205376,4.850469,-0.5149599,0.073679656,-0.2824964,1.5182905,0.5641426,-0.012546817,-1.2692641
C1;N3+,3.251077,3.5003712,3.847486,3.9616911,4.1920238,4.4500947,4.5546393,-0.09801724,-2.0619135,-0.5090957,-2.8398774,-1.7786067,-1.6179383,-0.44827744
C1;Nam,3.0010118,3.4989693,3.7640007,3.920982,4.238867,4.6683893,4.8118544,0.99518293,-0.77907366,-0.27022102,0.08396584,0.38847432,0.600748,0.76062804
C1;Nar,3.0364094,3.3870401,3.56163,3.8589613,4.239392,4.505874,4.8272104,0.7652755,1.2002652,-0.8153028,-0.5649073,-0.7176014,0.4142504,0.6475516
C1;Ng+,3.427208,3.6630611,3.8857083,4.084308,4.227001,4.4927597,5.1571727,0.4745397,-0.18926392,-1.1371778,-0.38041654,-0.72530353,-1.5048251,1.1449745
C1;Nox,4.7726793,4.84459,4.8360143,4.8414235,5.0845494,5.110539,4.8698792,0.00047242513,0.06588665,0.101272225,0.074514166,-0.17424682,0.031024387,0.45619744
C1;Npl,3.3599944,3.6495795,3.6498373,3.906817,4.2090507,4.3593607,4.552696,1.461556,-3.1709793,-0.10317284,1.5711883,-0.6620023,0.24223389,-0.7966675
C1;Ntr,3.9995391,3.9479635,4.2806363,4.286654,4.5075846,4.6911364,4.551869,-1.3837242,-0.09732768,-0.45634195,-0.4327581,0.0887293,0.087038316,-0.05276373
C1;O.co2,3.15375,3.491372,3.6937,3.8792248,4.2921343,4.4779015,4.6777673,1.27193,0.79131186,-0.041395042,0.38050464,-0.2564446,-0.7582807,0.3012675
C1;O2,2.9858167,3.6242437,3.3989494,3.6675775,4.0560102,4.5789156,5.036091,0.85972995,0.21599278,0.038520776,-0.054076854,-0.034054924,-0.15060584,0.13200687
C1;O3,2.8211207,3.2559667,3.4233963,3.850874,4.1519265,4.550938,4.6868086,1.1232445,0.60152173,-0.26641592,0.25439686,-0.33004794,0.027618773,-0.65643334
C1;P,3.8499596,4.2035704,4.3259435,4.441182,4.61491,4.6091356,4.774078,-2.8441067,0.5785329,0.40062764,0.46424675,-0.37821302,-0.26733732,0.7234776
C1;Pac,3.9278443,4.042206,4.3200636,4.485317,4.6673965,5.161236,4.8897905,-0.85087776,0.54982954,0.94437486,0.098952755,-0.34078103,0.20145363,-0.32525033
C1;S2,3.367617,3.6128573,3.8836472,4.155155,4.1975207,4.536697,4.712285,-1.6751432,0.5170998,-1.1649506,-3.2294548,-0.8242194,0.3080208,0.34146777
C1;S3,3.2692397,3.7175107,3.9838603,3.9854763,4.2206554,4.61782,4.666248,0.6180683,2.8046994,1.7709699,1.5718629,1.9240363,0.54498523,0.82238144
C1;Sac,3.7117631,3.85,3.9597533,4.0985436,4.3988123,4.53,5.021759,-1.893477,-0.02929579,0.17332302,0.26963612,0.25436607,-0.007073998,0.82879156
C1;So2,4.4955735,4.4965773,4.678484,4.6766067,4.8681006,4.845635,5.1962667,-0.07830215,0.41613597,2.4515371,1.4641362,0.70137244,0.50586045,0.42688817
C2;C2,3.4077516,3.8194623,3.7617996,4.0177574,4.2977977,4.6481752,4.7797847,1.4592835,0.45944458,0.15055943,-0.23683943,0.13802597,-0.017869145,0.10271112
C2;C3,2.9928885,3.6083293,3.7155538,3.8602378,4.1523232,4.417161,4.238805,0.5515893,-0.102375366,-0.084531784,-0.028944759,-0.062444888,-0.02740932,0.031784907
C2;Ca,3.540426,3.67,3.815,3.7946508,4.101022,4.254711,4.4812202,0.51319134,0.13519736,0.03637458,-0.2579194,-0.34168118,-0.27297506,-1.6914253
C2;Cac,3.3124824,3.5303159,4.0197086,4.2274714,4.303566,4.488435,4.1162796,-0.07628965,0.10092229,-0.19441976,-0.58940244,-0.14316854,0.2560676,0.012317329
C2;Car,2.905817,3.181379,3.4796102,3.8065932,3.9602718,4.502976,4.8411865,-0.3576398,0.47809032,-0.026782954,0.02685684,0.040936165,-0.015866749,-0.04436263
C2;Cl,3.0575,3.416737,3.6978278,3.897355,4.272505,4.496993,4.844727,2.4164636,0.86172074,0.112767614,0.5687512,0.047739957,-0.011908414,-0.1291488
C2;Co,3.1601536,3.0096912,3.1120033,3.1576402,2.9810386,3.065776,3.254396,-0.72455245,-0.47358522,-0.6098366,-0.57326114,-0.546182,-0.6016029,-0.962018
C2;Cu,2.7752712,3.229088,3.2263386,3.555,3.78125,4.0075,4.23375,0.16182306,0.8674881,0.2771142,-0.17802116,0.0,0.0,0.0
C2;F,3.058676,3.1715484,3.6261082,3.7412558,4.261965,4.3440704,5.188802,-0.9259488,-0.41673204,-0.65600324,-0.27027112,0.11919554,0.20689663,0.2024658
C2;Fe,2.9165552,3.1432292,3.41875,3.7014449,4.1142635,4.3375,4.64375,0.026785424,-0.81565595,-0.20153171,0.028050821,0.83649653,0.030681554,0.0
C2;HO,1.9958556,2.4868755,2.8335505,3.3900049,3.7490914,4.1612515,4.43316,1.4183809,0.30804142,-0.29475164,-0.17047256,-0.01388437,0.026854802,0.013688883
C2;I,3.6892967,4.06417,4.066811,4.276346,4.3997345,4.5818477,4.91203,0.27235126,0.16387755,0.10988426,0.08696991,0.015918253,-0.28067303,-0.45904878
C2;Mg,2.5933874,3.0567966,3.5620906,3.7599976,4.045,4.33,4.6637363,-1.210362,-1.1257782,-1.2643521,-1.0224624,-0.03124737,0.0,0.1502306
C2;Mn,2.7492454,3.0086503,3.2838593,3.51,3.8765867,4.0047116,4.2710485,-1.5469459,-0.48393273,-1.1136699,-0.005646084,0.29520386,0.19287908,0.26870462
C2;N1,3.2436018,3.386542,3.8372047,3.8677568,4.2783527,4.407416,4.745535,0.83250433,-0.26255327,-0.41402093,-0.2708088,-0.19385529,0.17377305,0.0011753931
C2;N2,3.1345274,3.5382364,3.7111056,3.9890716,4.1986895,4.3370404,4.359706,1.2703751,0.05563545,-0.20421684,-0.09485347,0.35051498,0.18274212,0.022993218
C2;N3,3.534292,3.726461,3.9113548,4.064724,4.405827,4.5943117,4.8885045,0.18566683,0.4652643,0.19466239,0.33224994,0.15526678,-0.11434923,0.19759086
C2;N3+,3.206232,3.4855998,3.640154,3.688239,4.175218,4.430355,4.694565,-0.28872216,1.3686209,0.4647542,-0.030847788,0.2843054,0.5547925,0.20789881
C2;Na,4.963435,4.686039,4.6578164,5.0273952,4.6903434,4.653812,4.7248793,0.4630224,0.04054893,-0.017932912,0.012291218,-0.010919581,-0.08341953,0.02641233
C2;Nam,3.325903,3.48438,3.8142393,3.9728389,4.2320046,4.551352,4.7504635,0.6435118,0.008550093,0.19021843,-0.06272688,-0.012395988,0.08265787,0.25361782
C2;Nar,3.167615,3.486508,3.838516,4.017298,4.293347,4.41633,4.741947,-0.30310196,0.5240526,0.002446341,0.04836928,0.025582474,0.1292715,0.051759664
C2;Ng+,3.2521849,3.475442,3.8151784,3.9320424,4.1652384,4.3528647,4.5235906,-1.5269783,-0.49846667,0.1349889,-0.09216024,-0.2999465,-0.19280805,0.079161346
C2;Ni,2.9073586,2.6135027,2.8331084,3.102272,2.6383162,3.099148,3.1505802,0.47403908,0.51640177,0.27259415,0.5099519,0.12511025,0.40284663,0.20038675
C2;Nox,3.3868752,3.6609313,3.869933,3.941366,4.0128956,4.721608,4.8381257,-0.14096071,0.1891945,-0.12605448,-0.17213047,0.05112716,0.07938029,-0.09223229
C2;Npl,3.196813,3.5773914,3.6416278,3.9865766,4.262473,4.56381,4.7323403,-0.4291696,0.2527188,0.44899705,0.2019908,0.126637,0.009266207,-0.1884537
C2;Ntr,3.7031126,4.0216236,4.157712,4.3030524,4.620789,4.618298,4.7974753,0.16232656,0.027849453,0.11195937,0.9856805,0.43718687,0.40439472,-0.13435592
C2;O-,4.143802,4.321702,4.6111045,4.6152854,4.66625,4.7775,4.8655353,-0.22101651,-0.31563252,0.012191724,0.019694341,0.064937845,0.031720776,0.055116456
C2;O.co2,2.7783377,3.2107153,3.4672043,3.8371365,4.168285,4.312894,4.418659,-1.8008419,0.71263885,0.22525385,-0.035581306,0.34685922,0.4208956,0.090589106
C2;O2,2.885537,3.18401,3.4088225,3.546561,4.4216027,4.4494605,4.846448,-0.60109943,-0.19136497,-0.19283855,-0.08765102,-0.029520962,-0.08336177,-0.074740626
C2;O3,2.889814,3.1479087,3.5703003,3.96115,4.0893497,4.3687215,4.7040033,0.57791346,0.0698494,0.14199139,-0.06057469,-0.13969927,0.043530595,-0.0691061
C2;P,3.8820577,4.1607695,4.515,4.4744067,4.5895505,4.744162,4.923482,-0.513881,-0.12215129,-0.5147459,-0.4516015,-0.27434146,0.22641543,0.2764478
C2;Pac,3.5699246,3.8036053,3.7870026,4.1823387,4.3924446,4.4943323,5.1514525,1.8922857,2.6008117,-0.3284749,-0.4795154,-0.3258887,-0.061254993,-0.41661814
C2;S2,3.440097,3.788685,4.0832796,4.2090597,4.447996,4.734933,4.780107,-1.1042813,-0.77175146,-0.16233902,-0.25248083,-0.60292125,0.07227087,0.111033045
C2;S3,2.8106692,3.6551375,3.6137464,4.087897,4.217517,4.475684,4.6351433,0.64946145,0.508354,0.2962398,0.00026972254,-0.57459635,-0.47460765,-0.177294
C2;Sac,4.0049934,4.0312505,4.4224806,4.4917483,4.5539107,4.76339,4.860489,0.11906167,-0.31683233,-0.33897436,-0.33582515,0.23995511,0.20092252,0.15517509
C2;So2,3.78981,3.9239182,4.1015906,4.260919,4.5840726,4.6278424,4.9242153,-0.76228386,-0.38754293,-0.45196295,0.6642755,-0.123259686,-0.04845555,0.155576
C2;Sox,4.3613014,4.539909,4.6185036,4.539679,4.6999197,4.8053956,4.8238053,0.05993471,0.054095857,0.007830031,-0.021392105,0.1794399,0.018163217,-0.07936158
C2;Zn,2.7503586,3.1305974,3.243676,3.7178547,3.986133,4.421525,4.577895,-0.31811792,0.24519113,-0.7095435,-1.7954016,-1.3154472,0.4958469,-0.6057705
C3;C3,2.5019004,3.03699,3.445752,3.6572924,4.059489,4.329921,4.6416893,-1.1389703,0.52932835,0.12226994,-0.008296103,-0.019370416,-0.056887906,-0.037751142
C3;Ca,3.0402045,3.4061325,3.7803805,4.020764,4.258388,4.5511484,4.6412516,-0.1382316,-0.39433715,-0.10057224,0.29559955,-0.62525123,0.9826183,0.43668666
C3;Cac,3.3834643,3.3940964,3.6306703,3.9014614,4.707182,4.502103,4.127175,-0.825809,-0.3033399,0.1334814,-0.15108843,0.120326504,0.11789205,0.08802029
C3;Car,2.726711,2.8943748,3.1193569,3.7875547,4.009294,4.5627217,4.721413,-0.42521608,-0.91958046,0.12984785,-0.020691853,-0.009587249,-0.024138147,-0.017050724
C3;Cd,3.9105024,3.9289708,4.1355796,4.403016,4.423877,4.651526,4.8111444,0.25346214,0.38797662,0.77499723,0.7048923,0.30835736,0.30677,0.23538233
C3;Cl,2.54125,2.9361837,3.2758338,3.693163,3.8087525,4.2256513,4.6616464,-0.6609307,0.397925,0.8871166,0.17576653,0.055781934,-0.08385453,0.07438031
C3;Co,3.1136665,3.3862712,3.5820274,3.8647704,4.164572,4.2860417,4.73078,0.45501456,1.2017483,-0.060964964,-0.3470353,0.083827935,0.63670486,0.49500054
C3;Cu,2.9935503,3.2899544,3.4202409,3.78,4.02874,4.3968167,4.5721164,0.11215181,0.19387881,0.22056787,-0.1930089,0.97481674,0.32195535,0.55401266
C3;F,2.9878144,3.2431476,3.4406428,3.821076,4.1486096,4.540508,4.679598,-0.03696655,0.28779143,-0.1551694,0.08366497,-0.13832548,0.03897675,-0.15461762
C3;Fe,3.3638217,3.6175,3.83125,4.0732374,4.3322167,4.651359,4.7580976,0.83210063,0.0146621475,-0.058231074,-0.19409493,-0.64347976,-0.43390676,-0.34029055
C3;HO,2.1772065,2.476876,3.216161,3.3679824,4.2435055,4.2476883,4.349242,1.5800744,0.49677542,0.031671952,0.0962361,0.02236737,0.052686885,0.07534798
C3;Hg,5.112119,4.8648367,4.7822123,5.1193943,4.8367906,5.116938,5.116943,2.7320404,-0.17955068,-0.22859801,0.24188192,-0.1841393,0.111518376,0.105094515
C3;I,3.4808836,3.814083,3.9424608,4.2945824,4.3851004,4.502591,5.1432304,0.012698696,0.25706744,0.29436895,0.46022502,0.32379004,-0.015152426,-0.14215647
C3;Mg,2.7792892,3.2155242,3.4258313,3.6097527,4.0605884,4.2221227,4.7170777,0.39639637,-0.7931925,-0.62313706,0.14070165,0.5194276,0.9511329,0.13148774
C3;Mn,2.8965502,3.324043,3.5500736,3.7781773,4.1981573,4.657844,4.9961033,0.23426877,0.3880076,-0.14102504,-0.26366755,0.09488994,0.24385968,-0.21013978
C3;N1,3.1846635,3.4473858,3.6072395,3.864324,4.2726507,4.599427,5.1596856,0.37872502,0.66581446,0.25394318,0.30058283,0.11214157,-0.09959298,0.21771866
C3;N2,2.6894758,3.1983573,3.4568176,3.637105,4.183312,4.415409,4.2747455,0.86083984,-0.25769472,0.045832615,-0.1550822,-0.021681165,0.115882285,0.0019585674
C3;N3,2.947681,3.2831817,3.5724158,3.8665237,4.2468734,4.508368,4.806213,-1.5320643,0.4545425,-0.14219244,0.25228482,0.354086,0.064618155,0.16178556
C3;N3+,2.9707599,3.1900682,3.3901622,3.826571,4.1954803,4.43845,4.5833774,0.519733,-0.4859725,0.3482349,-0.23328884,-0.040998563,0.23539032,0.1582763
C3;Na,3.5340695,3.8290193,4.0598598,4.1211953,4.4043837,4.4136477,4.731951,-0.91912055,-0.6549444,0.31758064,0.53554714,0.30102298,-0.5869865,-0.5677892
C3;Nam,2.5383298,2.9902098,3.3709939,3.831221,4.0963902,4.220499,4.7180285,-3.1313446,0.13736238,-0.10840186,0.06522414,-0.026248105,0.041348998,0.08876911
C3;Nar,2.7561636,3.1179261,3.4495194,3.9039938,4.1568623,4.3919473,5.169271,2.7842062,0.46527308,-0.2002227,-0.07844222,0.09786614,-0.031168489,-0.0078600915
C3;Ng+,3.255327,3.1436806,3.4206455,3.8095958,4.2673197,4.4849987,4.6579347,-0.6192427,-0.24273564,0.43890184,0.06298505,-0.11066358,0.13992088,-0.112460494
C3;Ni,3.02375,3.260115,3.579271,3.815,4.2520156,4.221706,4.7274494,-0.75099266,-0.11017259,-0.738348,-0.08879588,-0.9180801,-0.9217229,-0.7175161
C3;Nox,3.2750525,3.5477097,4.0166926,3.9830613,4.349914,4.4509892,5.0506525,-0.4784026,0.13754696,0.14719516,-0.036080938,0.042028546,0.23896083,-0.26861444
C3;Npl,3.099806,3.2857864,3.4673777,3.82928,4.017478,4.1957645,4.9834704,0.79309374,-0.041845225,-0.24105623,0.117281325,-0.17101973,-0.039845876,0.046639852
C3;Ntr,3.2236805,3.552572,3.8907256,4.0848346,4.343388,4.622616,4.8776116,1.0434399,-0.045197684,0.094879724,0.4437714,0.24256155,-0.14672849,-0.25981003
C3;O-,3.574703,3.8586478,4.004721,4.2293396,4.286133,4.5066237,4.596871,-0.20866813,0.13006352,-0.048648436,-0.068815425,-0.17053099,-0.36007023,-0.80206627
C3;O.co2,3.1686134,2.9722428,3.575386,3.7292185,3.9769335,4.394735,4.769262,0.29615486,0.21423148,0.098494545,0.061361667,0.007531112,-0.083170325,-0.012244956
C3;O2,3.1505444,2.6135633,3.5080872,3.3796954,4.1656866,4.5353775,4.285889,-0.073520094,-0.036231656,0.020384928,-0.0070863613,-0.010216468,0.006857325,0.03508455
C3;O3,2.701047,2.849749,3.1117475,3.5278256,3.868164,4.236048,4.6200876,0.52175593,0.21918057,0.10096968,-0.029151183,-0.0029768015,0.034288064,0.05752704
C3;P,3.3243787,3.8475559,3.9970107,3.9896085,4.40845,4.622624,4.6200223,1.2467707,-0.65403193,-0.46343485,-0.39466086,-0.11044897,0.19066218,0.03288559
C3;Pac,3.1721747,3.5718577,3.7159858,4.0069065,4.069559,4.434678,4.740493,2.702059,0.7139309,-0.27916297,0.1403125,-0.010299547,0.08020113,0.3020314
C3;S2,3.219467,3.5295591,3.732435,4.06301,4.325519,4.4183817,4.867787,1.529833,-0.12976897,0.19877984,-0.050389104,0.27761123,0.092120215,-0.09786996
C3;S3,2.6548104,2.6512556,3.523985,3.7448006,3.8546336,4.2498517,4.7453866,0.8169536,0.055594135,0.44259378,0.13797982,-0.10241461,-0.21412443,-0.08407686
C3;Sac,3.53875,3.9226375,3.9954798,4.190792,4.3549275,4.483088,5.1771894,-0.17877103,0.17194927,-0.038953666,-0.054302894,0.1431275,0.28065076,0.3791259
C3;So2,3.287488,3.6785321,3.7399337,4.080536,4.222927,4.5698786,4.773174,3.3166084,-0.37430415,0.262861,0.06708769,-0.1459582,0.025781412,-0.17115767
C3;Sox,3.61625,3.765968,4.0586596,4.203964,4.359527,4.7079825,4.7423034,-0.22200838,0.1984837,0.0703968,-0.15199882,-0.074767604,-0.17062122,-0.23570685
C3;Zn,2.897512,3.719821,3.5203617,4.019092,3.8680868,4.459835,4.771697,-1.0626712,-0.24036317,-0.14973235,0.14969203,0.14986937,-0.10488929,-0.35866642
Ca;Car,4.130733,4.1166983,4.4904113,4.495,4.62125,4.7475,5.152924,-1.9624906,1.5848439,2.476776,0.6864843,0.0,0.0,-1.0761049
Ca;HO,2.1620402,2.2928114,2.7960575,3.4399571,3.789454,4.222387,4.5170064,-1.1203918,0.11923286,1.443622,-0.5299677,-0.8886129,-0.42216587,-0.2097035
Ca;N2,4.0774193,4.07861,4.081965,4.088576,4.083748,4.077559,4.3041854,-1.1588598,-1.689018,-1.7735938,-1.8723737,-1.9153262,-2.0087302,-2.32152
Ca;N3,3.9527867,3.9749959,4.1,4.25,4.4,4.55,4.681685,-0.6098202,-0.2798278,-0.014036278,0.0,0.0,0.0,-0.040271994
Ca;N3+,3.09125,3.3425,3.59375,3.6927881,3.9572918,4.3205204,4.685239,1.2536484,0.0,0.0,-1.5092323,-1.371062,-0.32333437,-2.7614405
Ca;Nam,4.727071,4.724686,4.7216334,4.7176676,4.7243834,4.7266173,5.06769,3.7420452,2.1510289,1.2243525,0.44421303,-0.57399756,-1.2570297,-3.8459685
Ca;Nar,4.5345273,4.535826,4.604167,4.3771634,4.6345596,4.6928916,4.975234,-1.1140527,-0.4722257,0.8541748,1.4882627,1.1909676,1.023694,-0.33935672
Ca;O2,1.9799731,2.4736788,3.0442743,3.176178,3.7420912,4.128213,4.347237,0.92853504,0.37378496,-0.17469949,0.3845643,0.77688044,-0.5664407,0.13121097
Ca;O3,2.5346105,3.0761633,3.4696891,3.655,4.047182,4.45246,4.696491,-0.29136774,0.3674412,2.1395724,1.255378,-0.89839554,-0.9673986,-0.47167513
Ca;P,3.174598,3.4076135,3.490673,3.6735947,3.550421,3.8749406,4.0191674,0.59092385,0.3898599,0.271911,0.21857099,0.7201367,0.5900252,0.524583
Ca;Pac,3.080081,3.3612869,3.2140303,3.7094889,3.97375,4.1925,4.41125,0.7060473,0.7958212,0.6578747,0.8118968,0.28016615,-0.03158519,0.0
Cac;Car,3.1979933,3.6466348,3.8585937,3.8011937,4.0036607,4.551979,4.9566245,-0.5634751,0.105746806,-0.112754494,0.035052087,0.1646576,0.19383565,0.048897542
Cac;Cl,3.5291157,3.8154278,3.9944682,4.176787,4.4113574,4.568906,4.737275,0.38054252,0.91020846,2.2443883,0.48749235,-1.73661,-0.629871,1.3556544
Cac;F,3.4432871,3.6090648,3.7656233,4.1738987,4.3516197,4.5471067,4.688981,0.3404807,-0.35898924,0.799548,0.022421123,-0.33899736,0.40757966,-0.8274065
Cac;HO,2.1570632,2.6816967,2.954655,3.5374715,3.737694,3.9699647,4.5998397,0.395545,-0.35357654,-0.13019201,-0.01940154,0.61043096,0.17559244,0.27588272
Cac;I,4.3003635,4.2462173,4.5504856,4.6475053,4.567024,4.6812406,4.983428,0.11596582,0.034053903,0.02617202,-0.04036436,-0.16129787,-0.099145085,0.35886312
Cac;N1,3.4210887,3.8219852,4.188856,4.385931,4.3863626,4.523741,4.798611,1.3767648,1.5691997,-2.0590086,-1.3446467,-0.6082262,-0.26452377,-1.0947545
Cac;N2,2.976042,3.19547,3.7454383,3.9028046,4.1753335,4.3902583,4.601449,-1.72494,-0.62765634,-0.4244192,-0.6334741,-0.6558547,-0.8673447,0.28868026
Cac;N3,3.5094516,3.6577299,3.9032142,4.010962,4.2354746,4.389821,4.7723126,-3.2725863,-0.5839147,-0.98115814,-0.2916887,0.37514436,-0.66439855,1.1974933
Cac;N3+,3.2555268,3.5115209,3.6751556,3.922316,4.0501494,4.4413133,4.826386,-0.14141773,-0.49283776,-0.5784272,-0.4032597,-0.91801167,-0.4017396,-0.32713234
Cac;Nam,3.1376104,3.5716424,3.8413785,4.053685,4.2378716,4.5698085,4.710805,-0.95223075,0.3433038,0.53777224,0.09470148,-0.72294486,-0.25102532,0.21060948
Cac;Nar,3.293762,3.4509556,3.8639503,4.0049715,4.1132803,4.5254197,4.7876196,0.2526575,-0.47469133,-0.39332983,-0.11637572,0.31694353,0.007633528,-0.09730886
Cac;Ng+,4.4933267,4.311198,4.607825,4.2400346,4.4383497,4.398092,4.310223,-0.20027415,0.09011524,-0.22941649,0.12998188,-0.11223756,0.0113279,0.037658695
Cac;Nox,3.3361537,3.1260533,3.2205272,3.412826,3.3990357,3.5622387,3.7421598,-0.32815364,-0.3961016,-0.4876224,-0.44006497,-0.33694977,-0.101071864,0.43479237
Cac;Npl,3.1326778,3.4496567,3.8567843,3.9783742,4.4544477,4.5211987,4.926437,-0.06141791,0.79291433,-0.2166661,-0.6113452,-0.8813194,-1.0945492,-0.2563192
Cac;Ntr,3.9697862,4.386764,4.404874,4.4115033,4.8389707,4.8374815,4.592369,0.4841793,0.832431,0.16887295,-0.18600784,-0.43226898,0.06930521,0.29937503
Cac;O2,2.9284582,3.1379158,3.4323852,3.807169,4.0759034,4.3343873,4.5196524,-0.5497342,-0.46537584,-0.20277394,-0.39786756,-0.13659337,0.12483254,0.34387892
Cac;O3,2.9090717,3.0762718,3.433308,4.035941,4.2104745,4.4611025,4.6156306,-1.1729268,-0.9311219,-0.51169044,-0.41511548,-0.701558,-0.18741989,-0.11951695
Cac;P,3.987798,4.191285,4.2671113,4.4752197,4.55799,4.631227,4.864185,1.7815791,-0.33648005,-0.10698784,-0.4300767,0.44554043,-0.19515724,0.69956976
Cac;Pac,3.8678014,4.1440163,4.151321,4.098871,4.45027,4.5424194,4.6655383,1.2051014,0.13923374,0.51327664,0.79147935,1.081756,0.13215671,0.6466395
Cac;S2,3.4818723,3.688848,3.7002022,4.2253504,4.210835,4.5047464,4.8347244,-3.0967522,0.21232897,1.1334956,2.9003735,1.3308423,0.88837194,-0.40078703
Cac;S3,3.4765098,3.791416,4.037214,4.114918,4.2735643,4.629655,4.910272,-1.1158317,0.7878739,0.15671238,0.44225922,0.2014881,1.0596533,-0.1896017
Cac;Sac,4.1975384,4.1559625,4.3012443,4.4457,4.805315,4.8964257,4.739517,0.6254712,0.7167974,0.673937,0.10004338,0.014960286,0.13575882,-0.053473163
Cac;So2,3.7791755,3.8455837,4.131422,4.0989146,4.410294,4.646836,5.1187577,-1.0921868,0.5588644,-0.5013885,-0.40380993,-1.1647909,-0.041758187,-2.0654886
Cac;Sox,4.770175,4.6799493,4.7648544,4.801889,4.986952,4.8444138,4.859569,-0.1989838,-0.11271761,-0.019165616,-0.020089695,-0.037361782,0.076959245,0.009375133
Car;Car,2.7809901,3.3276534,3.5188215,3.6578987,3.966761,4.290901,4.6878996,-0.31988728,-0.02889457,0.07157589,-0.030793896,0.006080929,-0.0070754196,-0.035838723
Car;Cd,4.2650843,4.259677,4.2727947,4.2731533,4.3919034,4.3883495,4.318176,0.6996126,0.5116766,0.4339356,0.26842418,-0.107455924,-0.017778303,0.0010069009
Car;Cl,3.1212134,3.384059,3.7562928,4.0408196,4.3024645,4.529763,4.6814876,-2.0785546,-0.4148093,0.113882296,-0.02698493,0.10427046,-0.19878711,-0.3325131
Car;Co,3.122816,3.1711874,3.47,3.7730522,3.9525788,4.12587,4.41923,0.2861366,0.3542318,0.26101544,0.10067168,0.2767583,0.1530083,0.25892398
Car;Cu,3.0823803,3.3345966,3.9737182,3.8536181,4.0451937,4.4176784,4.579261,-0.023933312,-0.06980701,-0.44792616,-0.19308518,0.7574825,-0.38422078,0.06169285
Car;F,3.394964,3.217803,3.617028,3.7895627,4.3122783,4.416272,4.784594,0.19766542,0.37990305,0.017186677,-0.2019183,-0.09230705,0.071935825,0.12794977
Car;Fe,2.8733294,3.254605,3.436945,3.7621272,3.999317,4.542548,4.5733337,0.2002306,-0.4310837,1.0753742,-0.43015307,0.20295347,-0.7912288,0.2810521
Car;HO,2.2274551,2.5015602,2.7624693,3.5518832,3.8263023,4.1276097,4.66889,-0.32022744,0.27230045,0.068693936,-0.19819178,0.036853265,0.05138482,-0.02093882
Car;I,3.35125,3.5725,3.6747046,4.0235996,4.248568,4.59144,4.6049776,1.4624908,0.0,0.6047602,0.17320333,-0.26423684,-0.122584336,-0.02402388
Car;K,3.945128,3.9819224,3.9562278,4.115,4.26375,4.2753124,4.832325,-0.26581693,-0.22284918,-0.01633668,0.08633034,0.0,0.024360763,-0.2503924
Car;Mg,2.8677213,3.2928553,3.7989652,3.7723374,4.2602324,4.544373,4.914431,0.33075476,0.76789755,0.42357728,0.18278806,0.1895063,0.7172652,-0.46248916
Car;Mn,3.0590606,3.3906994,3.63875,3.8958807,4.078228,4.533295,4.6963334,-0.49440098,0.14267647,0.5199785,-0.5430592,-0.52191055,0.25402525,0.029835336
Car;N1,3.0250475,3.5903196,3.636092,3.9142773,4.188507,4.464075,5.055578,-0.33954054,-0.18624218,-0.43084309,-0.9173237,-0.39116642,0.08028771,-0.27878517
Car;N2,3.1549895,3.4690404,3.6933675,3.8550193,4.1807466,4.300796,4.7624946,0.87090194,-0.053922743,-0.107502766,-0.053244866,0.10112747,0.01792756,-0.03332119
Car;N3,3.087252,3.3443258,3.8104107,4.0246654,4.129423,4.3904347,4.813204,-0.143123,0.5585895,-0.0016707252,-0.695633,-0.077805415,0.30429712,0.14394526
Car;N3+,3.0132253,3.543715,3.683413,3.9352608,4.5085,4.5333557,4.5965686,1.4318182,-0.024429936,-0.2634077,-0.014538607,0.018098306,0.007861816,0.15614545
Car;Na,4.2254796,4.505861,4.6285615,4.5106344,4.5934167,4.8862696,4.844273,-0.22321583,-0.099639215,-0.121350355,-0.34679952,-0.11096562,-0.16113567,-0.016088312
Car;Nam,2.6784856,3.0238857,3.2763827,3.5982792,3.8143198,4.5386,4.8532166,-0.4139403,-0.3115286,0.2213636,-0.089451864,0.08784186,0.0351579,0.043061223
Car;Nar,3.0948105,3.4166906,3.6012278,3.8483312,4.2565975,4.294897,4.63708,-0.34103456,0.45388448,-0.015177016,0.05325311,-0.040747322,-0.08164455,-0.023329258
Car;Ng+,2.8896627,3.2464159,3.446638,4.511132,4.096173,4.235941,4.5087466,0.40974855,-0.30379888,0.37144646,-0.054282863,-0.012606608,0.14349306,-0.024535432
Car;Ni,3.18102,3.34,3.48,3.62,3.76,3.9,4.0102353,-0.7263673,-0.2606461,0.0,0.0,0.0,0.0,-0.15490393
Car;Nox,3.5068223,3.5097394,3.8217885,4.0700774,4.299187,4.6146846,4.87154,-0.3656156,-0.51777774,-1.0145471,-0.463622,0.214238,0.31518015,0.43805748
Car;Npl,3.1333115,3.3770802,3.7870555,4.12687,4.2632484,4.4388475,4.770555,1.1783414,0.27955654,-0.0019852924,-0.1036625,0.05417852,0.13934535,0.0030702918
Car;Ntr,3.3271542,3.7066605,3.9389284,4.168337,4.160157,4.5352197,4.899016,-0.35136592,-0.06298822,0.23173052,-0.118443474,0.28675613,0.3005266,0.103006594
Car;O-,3.99667,4.074465,4.2650247,4.442979,4.4672847,4.611887,4.6098795,0.046833627,-0.03617448,-0.016238362,0.0044966047,0.021813521,-0.032816913,-0.02684798
Car;O.co2,3.05444,3.2379189,3.5244434,3.7532923,4.085699,4.562809,4.726166,0.27273566,-0.39891374,-0.14000222,-0.028047116,0.06359601,-0.074193895,0.12805308
Car;O2,2.6700253,2.8183205,3.326316,3.7630718,3.6568112,4.325042,4.7560625,0.5198215,-0.20395206,0.08831055,-0.010115775,0.010207019,-0.0060619893,0.06305889
Car;O3,2.7156677,2.8863525,3.509526,3.7965891,4.16028,4.453558,4.7730765,0.5159605,-0.26908788,0.094008505,-0.083927386,0.006149872,0.18267614,0.059063938
Car;P,3.51125,3.6182482,3.8675985,4.137992,4.47475,4.4728775,5.073264,1.8527142,-0.23794594,0.7356278,1.4790114,-0.6111833,-0.09751483,0.10778725
Car;Pac,3.5632396,3.757886,3.8701403,4.2029495,4.2681627,4.536745,4.9249616,0.97444373,0.36124998,-0.008616701,0.6377653,0.2895128,0.12720746,-0.6772311
Car;S2,3.7303042,3.518939,3.79752,4.5711594,4.330959,4.527268,5.068496,0.1261227,-0.13351844,-0.32962367,0.015995344,0.057886086,-0.47043613,0.0072268643
Car;S3,3.3993726,3.6961517,3.822681,4.0932055,4.2880883,4.534689,4.6949005,-0.30214068,0.17799103,-0.03146331,0.032295816,-0.03817846,0.01897716,-0.18080258
Car;Sac,3.936597,4.103682,4.2449045,4.4610987,4.446502,4.868178,4.868989,0.5738423,0.8179121,1.1225353,0.46141315,0.07870072,-0.12724003,-0.12771472
Car;So2,3.7185025,3.919823,4.2912927,4.260372,4.4492497,4.604284,4.79667,0.48889405,-0.40803018,0.30942053,0.15429305,-0.27818593,-0.4205059,-0.27172884
Car;Sox,3.803878,3.86475,4.0053015,4.224331,4.368285,4.6212387,4.779158,0.8703273,0.099287115,0.11190118,0.082259715,0.1465292,0.21293013,0.108754136
Car;Zn,2.488035,2.7592509,3.1458511,3.5640705,4.0871263,4.316932,5.0675173,1.3515224,-0.5685873,-1.2800972,-0.63315433,-0.07046023,0.39342448,0.11357881
Cd;HO,2.2416546,2.5350933,2.5504375,2.550055,2.5489757,2.5575566,2.4435656,0.1475942,-0.124040365,-0.14674425,-0.012930703,0.041306153,0.027492974,0.06357718
Cd;N3+,4.2378683,4.239455,4.2649436,4.24288,4.1955247,4.2405157,4.2456098,0.104718074,0.10143787,0.12529537,0.00460097,0.015035367,0.010424438,0.03698725
Cd;Nam,4.690204,4.6015882,4.7198405,4.779051,4.7965655,4.719332,4.874909,0.2556465,0.22436976,0.5102337,0.5284665,0.52759296,0.4529671,0.53223795
Cd;Nar,4.5747743,4.5622077,4.59052,4.5914116,4.6117177,4.7157717,4.903657,0.2606778,0.21711695,0.35512143,0.38480988,0.52089924,0.56183016,0.59029645
Cd;O2,2.3833592,2.4558954,2.5544503,2.815,2.98625,3.1575,3.2970784,0.77005035,0.54815626,0.6064608,0.59787005,0.0,0.0,0.031101909
Cd;O3,2.89125,3.1525,3.41375,3.675,3.93625,4.1975,4.45875,0.25393263,0.0,0.0,0.0,0.0,0.0,0.0
Cl;Fe,5.0393076,4.844002,4.724009,5.032401,5.034877,4.70927,5.052524,2.2427878,-0.039537776,-0.1452183,0.14154665,-0.13813752,-0.16680512,0.14472835
Cl;HO,2.4018474,2.8134415,3.202909,3.3713672,3.8107421,4.215863,4.685824,1.8550172,-2.2600515,0.20487636,-0.4987202,-0.109311454,0.40465754,-0.26022065
Cl;N2,3.2960901,3.3366826,3.9565582,4.0567408,4.228629,4.4588265,4.7557445,-1.9141331,-0.66800463,0.19562493,0.71658975,-0.49706766,-2.069091,-0.7515686
Cl;N3+,4.0258083,3.8238778,4.038981,4.193817,4.092509,4.66232,4.835023,-0.08946271,0.0036681688,0.5429765,1.4644095,1.6454844,1.8060942,-1.9434637
Cl;Nam,3.1587315,3.2787633,3.571991,3.780991,4.2232256,4.3910937,4.700732,-0.32799777,0.2498047,-0.44805163,-0.031738374,-0.29615834,-0.5944588,-0.29076126
Cl;Nar,3.6622252,3.8324614,3.6979072,3.9314725,4.260872,4.503505,4.6297407,-0.2871934,-1.3138733,1.2563618,0.41353893,-0.25390342,0.85585314,1.3486292
Cl;Ng+,3.2343087,3.3231587,3.5462148,3.8446293,4.3126364,4.3789563,4.8641577,-0.3440365,-0.7652165,-0.104311,0.8888512,0.25587925,-0.78656787,-0.3839806
Cl;Npl,4.113735,4.16,4.285,4.41,4.535,4.66,4.7460876,-1.0375079,0.016158447,0.0,0.0,0.0,0.0,0.21824765
Cl;O.co2,3.3156953,3.564926,3.633523,4.068921,4.1790285,4.3920045,4.5044284,0.54647446,-0.24445724,1.0205368,0.26593995,-0.78152883,0.33237335,-0.22830188
Cl;O2,2.5465422,3.0685217,3.4006708,3.6823645,4.0913005,4.4826903,5.0175953,-2.6446326,-0.65128046,0.010586604,-0.042098943,-0.50831664,-0.2094022,0.27961192
Cl;O3,3.0009005,3.21341,3.6460981,3.9881148,4.1638613,4.4985065,4.68197,0.6640718,1.8638614,0.25415945,-0.34844154,0.28949094,-0.4226388,0.3973235
Cl;S3,3.3954175,3.8047268,3.8851836,4.0025706,4.3635335,4.5227675,4.94994,2.5274823,-1.3217487,-0.64599216,0.17470205,0.6786864,-0.89015836,-0.671264
Cl;Zn,4.4802,4.501602,4.4959025,4.119347,4.495862,4.482167,4.118673,-1.9777573,-0.23200284,0.19951466,0.40257576,-0.40433383,-0.20203018,0.40411198
Co;HO,1.98875,2.3975,2.80625,3.136229,3.62375,4.0325,4.44125,-0.5459412,0.0,0.0,-0.5133441,-0.6721094,0.0,0.0
Co;N3+,2.306156,2.655,2.9075,3.16,3.4125,3.665,3.7619119,0.4244442,0.045054268,0.0,0.0,0.0,0.0,0.08899258
Co;Nam,3.3407452,3.425,3.5725,3.72,3.8675,3.9832418,4.1783895,-2.562504,-0.2288789,0.0,0.0,0.0,-0.031702682,-0.1541016
Co;Nar,2.3023899,2.58,2.835,3.09,3.345,3.6,3.855,0.2903873,0.20833527,0.0,0.0,0.0,0.0,0.0
Co;O2,2.3730676,2.661264,2.9917634,3.27,3.58,3.9747326,4.212858,0.32268298,-0.075914934,0.73341024,0.03162909,0.0,0.83703685,0.69360244
Co;O3,2.5189304,2.835,3.1825,3.4764986,3.8775,4.225,4.5725,-0.7400742,-0.033402875,0.0,-0.71431595,-0.7285506,0.0,0.0
Co;Pac,2.7273746,2.7346494,2.7746942,2.933722,3.012634,3.02213,3.110783,0.79316735,0.47907132,0.12456264,-0.11002388,0.15830028,-0.019664554,-0.07447907
Co;S2,4.7362304,4.7466083,4.7437267,4.7452793,4.7603083,4.770212,4.8603387,0.133393,0.15141623,0.052786812,-0.013638042,0.026385168,-0.017876577,-0.063851535
Cu;HO,1.44875,1.6575,1.9663646,1.963511,2.28375,2.402809,2.7401812,-0.50654465,0.0,0.8462031,0.29218477,-0.19200051,-0.049219243,-0.4326259
Cu;N2,1.9327791,1.8619378,2.3034859,2.313988,2.317393,2.2498014,2.5001395,-0.021310357,-0.10969525,-0.2800635,-0.17707701,-0.08745215,0.015006685,-0.1513778
Cu;N3+,2.6558464,2.6502912,2.613569,2.5462759,2.5451696,2.6505492,2.6838841,0.5120433,0.108220935,-0.0112111205,-0.06584163,0.05626484,0.01643604,-0.0122508835
Cu;Nam,3.871486,3.9271126,4.136905,4.1322846,3.920624,4.14225,4.133281,0.45174858,0.16736083,0.09290499,-0.051818397,-0.046233933,0.07244638,0.079113744
Cu;O2,2.2403522,2.7,3.07,3.44,3.956612,4.1921325,4.51647,1.3094196,-0.44080508,0.0,0.0,-0.061081268,0.015192898,-0.6609482
Cu;O3,2.0293298,2.53,2.8527784,3.32,3.715,4.11,4.505,-0.17184712,-0.1275599,-0.30785194,-1.2593788,0.0,0.0,0.0
F;Fe,4.34838,4.3899584,4.0144625,4.017585,4.389023,4.0169044,4.0391564,-2.2767556,0.047853235,0.38014525,0.018323086,-0.28120178,0.35393357,0.04828056
F;HO,2.1970475,2.4930975,3.1816478,3.3164666,3.9393368,4.100515,4.6109447,-0.4372099,-0.3193366,-0.02454667,-0.4906598,0.45003632,0.9637079,0.33270353
F;N2,2.8167894,3.2196136,3.3972237,3.8720953,4.076508,4.4443674,4.808069,0.66358215,0.034058396,-0.44199073,0.94000286,-0.39701018,-0.7223583,0.28891262
F;N3,3.0481591,3.3671196,3.7274954,3.6760795,3.8078635,4.1239614,4.271977,-1.0928615,-0.69424665,-0.42254448,0.0128629925,0.45491347,-2.1872137,0.8474788
F;N3+,3.1828368,3.4995868,3.8111598,3.9600754,4.109618,4.338255,4.627109,-0.1929856,0.23813727,-0.37075874,0.5211575,-0.57340866,0.09579268,-0.4908131
F;Nam,3.0994844,3.2414749,3.433419,3.6480238,4.216704,4.4281936,4.5925207,0.3027994,-0.12384486,-0.21407995,0.221307,-0.064789504,-0.23304906,0.17484221
F;Nar,3.460765,3.7063074,3.7401,3.9812284,4.25441,4.5469728,4.7510376,0.7708305,2.094544,0.9038982,1.130374,-0.8564491,1.1610966,-0.7063464
F;Ng+,3.0670562,3.3369536,3.4889567,3.7542613,4.1328187,4.612828,4.835651,0.11787134,-0.8265028,-0.20366904,0.76760346,0.13250937,-0.15468685,-0.9326413
F;Npl,3.3545225,3.703077,4.0185676,4.1347675,4.256692,4.4821,4.660814,2.7927616,-1.9732261,0.14758623,-0.9769697,0.33658367,-0.48451325,-0.92776984
F;O.co2,2.8064613,3.0787768,3.4417586,3.7364342,3.9034705,4.3146086,4.6754293,1.3241434,0.080866285,-0.084275335,-0.3311336,1.2372794,0.32029805,-0.72685874
F;O2,2.3736203,2.8974416,3.4341154,3.7585745,4.093339,4.30917,4.72936,-1.6012229,0.6947091,0.14149389,0.38309845,0.055767737,-0.43151417,-0.2098218
F;O3,2.6904144,2.4083438,3.1445856,3.7478018,4.0719028,4.472987,4.628304,2.740369,1.2785609,0.6655853,-0.07086042,-0.48105812,-0.3966602,-0.17677666
F;S3,3.3062403,3.5430703,3.7640755,3.9751256,4.232762,4.5072265,4.923716,1.0057757,-0.5766458,0.06697356,-0.24069642,0.8603911,0.14870253,0.6505912
F;Zn,3.050532,3.2449853,3.7125936,3.7884986,4.0914507,4.6354,4.7583685,1.2805256,0.20092507,0.4998827,0.04422271,0.8278509,-1.1623292,-0.577681
Fe;HO,1.3567162,1.945994,2.12794,2.6074562,3.1402545,3.2017643,3.535,-0.8355929,0.4322677,0.639705,0.13433205,1.6087875,1.0000993,0.057678465
Fe;N3,4.3114557,4.687558,4.3285522,4.674647,4.651177,4.6775947,4.322004,0.1392349,0.72683024,-0.6113872,0.7069797,0.09510122,-0.02649093,-0.6996815
Fe;N3+,2.46125,2.7825,3.10375,3.425,3.74625,4.0675,4.38875,0.83596224,0.0,0.0,0.0,0.0,0.0,0.0
Fe;Nam,2.9115965,3.205,3.4675,3.73,3.9371865,4.4181147,4.4313893,-0.029934326,0.20072071,0.0,0.0,0.26440522,3.140203,1.1087438
Fe;Nar,2.8469422,3.1725,3.40875,3.645,3.88125,4.0857415,4.434709,0.6754995,-0.871338,0.030946417,0.0,0.0,0.02607858,2.2259703
Fe;Npl,4.9126534,4.7162986,4.895161,4.7639484,4.8380957,4.8386106,4.701929,1.3842082,-0.13676055,0.08772491,0.0029803822,0.0040210686,0.034285955,0.12689877
Fe;O2,2.2174363,2.5485609,2.8932784,3.3971813,3.602529,4.0625367,4.3644524,-0.49482268,-1.5307522,-2.7420924,-0.072675675,-1.0480868,0.8515526,-0.92300206
Fe;O3,1.9857609,2.5907488,2.77875,3.135,3.49125,3.8475,4.20375,0.82804847,-0.40670806,-0.7531831,0.0,0.0,0.0,0.0
HO;HO,1.2479477,1.4166942,2.1647367,2.9806232,3.2238061,3.818578,4.5619473,0.37455523,-0.6060379,0.43362626,-0.10978059,-0.5337434,-0.15758923,0.19670986
HO;I,3.3606355,3.6981537,3.670288,3.7281487,3.8757098,4.0770597,4.2129064,0.30755463,-0.3883854,-0.38262647,-0.04495318,-0.4660637,-0.13397235,-0.3646147
HO;Mg,1.5909396,2.0687401,2.597002,3.135694,3.3119197,4.1043077,4.387996,0.075717874,-0.39359814,-0.2288348,-1.7226734,-0.03117444,-0.09593985,-0.64884335
HO;Mn,1.6831176,2.1641865,2.4305427,3.079191,3.48,3.934619,4.460108,-0.35417527,-0.9208231,-0.2863018,-0.54465073,0.31258616,0.076879084,0.49844438
HO;N1,2.335,2.71,2.990693,3.4208572,3.8393688,4.1456738,4.7751775,0.9974254,1.7825134,-0.56823134,0.48897994,0.11914799,-0.74868274,0.026465517
HO;N2,1.8823802,2.350782,2.6265926,3.171211,3.491622,4.0725694,4.879216,-0.3749732,-0.20226339,-0.88906264,-0.06252267,-0.295957,-0.6070736,0.19996712
HO;N3,2.620847,2.512714,2.9773664,3.492032,3.963169,4.12275,4.765945,0.0217381,-0.09001445,-0.3588663,-0.27230865,0.673247,0.11457672,-0.4340893
HO;N3+,1.8594139,2.263501,2.7468967,3.5233846,3.7202678,3.9687138,4.6580505,1.525436,-1.380591,0.63880205,0.015619713,-0.33115706,0.25605345,0.038110454
HO;Na,2.295,2.65,2.9992874,3.1701825,3.5839596,4.1298256,4.425,-0.24161567,0.0,1.5866963,-0.4441723,-1.3279115,-0.2584394,-0.10671407
HO;Nam,2.1230955,2.6942267,2.9880333,3.5537975,3.8088906,3.9916508,4.3940935,0.7525347,-0.08119162,0.36467907,0.029469807,-0.012895279,0.10188086,-0.18206222
HO;Nar,1.8079385,2.5928936,3.0154417,3.222625,3.685215,4.1819506,4.3157735,-0.17435278,-0.0008311957,-0.4111827,0.10282527,-0.105531074,0.13781792,-0.22783484
HO;Ng+,2.143239,2.8326473,3.2291348,3.5372188,4.001816,4.1630907,4.7194033,0.25287163,-0.82392144,-0.18233508,-0.03520551,0.067096114,0.3457587,0.12958989
HO;Ni,1.8925,2.2660213,2.7175,3.1455107,3.5425,3.955,4.3675,0.7921123,-0.25100645,-2.4026945,-0.6570087,-0.036609586,0.0,0.0
HO;Nox,3.476497,3.5016077,3.9629326,4.2663565,4.6097283,4.507248,4.765077,1.8999753,-0.50140846,-0.7056205,-0.12914544,-0.22127083,0.067664444,-0.0869083
HO;Npl,2.290543,2.5860243,3.1525407,3.1515803,3.8070936,3.9685893,4.7097597,0.046967987,-0.8253827,-0.2579592,-0.10203343,-0.040748134,0.3809342,0.14216332
HO;Ntr,2.6540778,2.716115,3.066276,3.2555156,3.8249612,4.005209,4.4837527,-0.027317561,-0.1461323,1.8699535,-0.680525,-1.4273796,-0.24952854,-0.04349039
HO;O-,3.539742,3.92,4.075,4.23,4.385,4.590004,4.777011,-0.009119309,-0.09992648,0.0,0.0,0.0,-0.2787905,-1.0319391
HO;O.co2,1.577405,2.2711527,2.6306512,3.3058043,3.4174695,4.342542,4.7312436,0.43558416,0.55683035,0.34288195,-0.032879714,-0.20068273,-0.1260873,0.20354299
HO;O2,1.5172738,1.934218,2.426959,3.025253,3.4865968,3.9822598,4.1987224,-0.3380787,0.0958378,0.3476199,0.08830857,0.23073204,0.08856532,-0.022353634
HO;O3,1.3964512,2.2032592,2.5980957,3.0903153,3.4302504,3.7030442,4.3735714,-0.058922883,-0.45966676,-0.14359418,0.16623865,-0.11935297,0.124394484,-0.063444175
HO;P,2.8224392,3.3875113,3.5208402,3.8535662,3.9528143,4.465663,4.776271,0.7211576,0.38795602,0.1133066,-0.5309162,0.33738738,-0.78151315,0.059220217
HO;Pac,2.3522446,2.8293715,3.094245,3.603716,3.9719229,4.3105717,4.6772566,-1.2561748,-0.60609114,-0.46709993,0.17881233,1.3742124,-0.0034897956,-0.8988787
HO;S2,2.5525813,2.9259768,3.1748166,3.7189405,4.079009,4.4007583,4.4876213,0.73498,0.3724311,0.78662455,-0.4965878,0.32991347,-0.19387798,-0.890093
HO;S3,2.2547476,2.4738386,2.8679335,3.412246,3.584284,4.1513004,4.4510894,0.8906451,-0.53639126,1.6214327,0.41666636,-0.32937065,0.027692942,0.29322967
HO;Sac,2.9935846,3.4065704,3.658587,3.875,4.15375,4.2777686,4.8886137,-0.8532924,-1.0994091,-1.0721434,-0.7498578,0.0,-0.69460195,-1.3017462
HO;So2,2.6643507,2.9116669,3.1793213,3.4232967,3.8208466,4.2664886,4.8786073,0.9276749,-0.11545626,0.468997,2.4437637,0.26673788,-0.50781363,-0.25186992
HO;Sox,3.2599854,3.4846716,3.74875,3.955,4.16125,4.3675,4.57375,0.14775641,0.19467247,-0.11744856,0.0,0.0,0.0,0.0
HO;Zn,1.484376,1.9909543,2.450332,2.9009917,3.6775045,4.1677403,4.41763,0.9546309,-0.544745,-0.32463974,0.42741942,0.012064451,-0.19556512,1.8858796
I;N3+,3.345427,3.346609,3.3549018,3.562311,3.355398,3.5837011,3.6153378,-0.50305814,-0.44955757,0.2737725,0.33812994,0.118890405,0.4056901,-0.032725465
I;Nam,3.7282915,4.0631614,4.1456084,4.3149505,4.4848275,4.555312,4.762977,0.07064608,0.1681049,0.11486193,0.10877219,0.006764382,-0.3025516,-0.44944698
I;Ng+,4.224044,4.1113014,4.457737,4.586179,4.6218534,4.7990723,4.851006,0.06018142,-0.10525257,0.40516868,0.21834384,0.42717934,0.4997017,0.16944921
I;O.co2,4.215493,4.3096128,4.399052,4.5110364,4.5529723,4.5944996,4.8974037,0.17211334,-0.15297104,-0.24432936,0.03449569,-0.0264762,0.30125993,0.271285
I;O2,3.2580924,3.4712813,3.7576063,3.9682577,4.27897,4.623125,4.8501067,-0.25224313,-0.1579371,0.1685937,0.28710777,-0.055965565,-0.45032305,-0.417514
I;O3,3.01125,3.2825,3.491363,3.5488954,4.052034,4.3675,4.687091,0.31134728,0.0,-0.12915985,-0.6784526,-0.67510235,-1.1028103,-0.1207126
I;S3,3.8113527,3.8314116,4.2594686,4.3489356,4.3557167,4.5979185,4.830806,1.4624208,-0.8011547,-0.2993445,-0.5779805,-0.48536694,-0.6770254,-0.6309147
K;N3+,5.0180416,5.0317817,5.0194707,4.738248,5.0173564,5.025172,4.684907,-1.0884134,-0.26353467,-0.16276376,-0.035301626,0.037922837,-0.07953313,-0.03283441
K;Nar,3.15875,3.3575,3.55625,3.755,3.95375,4.1525,4.35125,-0.24453242,0.0,0.0,0.0,0.0,0.0,0.0
K;O2,4.446109,4.164703,4.341012,4.167751,4.5091414,4.6168933,4.6574697,-0.260625,0.25649947,-0.0991856,0.09329579,-0.39086062,-0.47616944,-0.64277303
Mg;N2,2.9392803,2.5664558,2.709857,2.9366045,2.7238338,2.6727138,2.9501266,0.6030887,0.17121646,0.52916825,0.5033165,0.30444443,0.29443803,0.51306164
Mg;N3,3.5273318,3.8306355,3.8444886,4.170549,4.32375,4.3883233,4.749965,0.45307696,-2.3997264,0.35995686,0.4571656,0.002761197,0.877232,1.529045
Mg;N3+,4.4579387,4.6535378,4.1643486,4.5426855,4.7158027,4.700118,4.7786508,-1.0052053,-0.62712675,-0.22572696,-0.428729,-1.2234507,-1.8808622,-1.8596376
Mg;Nam,2.8122377,3.1880472,3.49125,3.755,3.9456494,4.3568525,4.514331,0.94282275,-0.25552633,-0.26637626,0.0,-0.11014818,-1.424219,-0.7728064
Mg;Nar,3.843981,3.8961167,3.9077857,4.276501,4.528699,4.455007,4.6222787,-1.1228672,-0.20987555,-0.91246396,-1.985391,-2.2604105,-2.2076886,-1.3929331
Mg;Npl,3.9784663,4.065,4.1221213,4.388976,4.6958847,4.750644,4.7904167,0.93961537,0.09917459,0.6337155,1.1023564,0.87982935,0.6129093,0.08012948
Mg;O2,1.8398302,2.0363357,2.8869348,2.8854015,3.4661252,4.0334783,4.635385,-0.3771676,0.3713398,0.33542863,-0.14609188,-0.7183407,-0.08628079,-0.45390946
Mg;O3,2.428451,2.7320707,3.1261127,3.260816,4.2143364,4.345142,4.506097,-0.36391753,0.024911292,0.53711236,0.07070234,1.0046965,0.9445454,0.48617536
Mg;P,3.0764441,3.622518,3.8236587,4.065244,4.4105244,4.3373027,4.7603483,-0.82134527,-0.31648538,0.60788715,2.916702,-0.24978416,-0.35708266,-1.4926573
Mg;Pac,3.06214,3.0652483,3.6109953,3.7284625,4.0071774,4.2990694,4.7556458,-0.6562984,-0.031434633,0.44972408,-0.3845092,-2.026563,1.1270843,1.7219745
Mg;S2,4.23497,4.453428,4.4928,4.2411857,4.501287,4.2383165,4.538704,0.20732224,0.16366361,0.073740065,-0.13102777,0.17241804,-0.14071064,0.16634469
Mg;S3,4.088488,4.345661,4.455863,4.505,4.58125,4.59649,4.9834266,-1.6601683,-2.1063995,-1.3055538,-0.22392046,0.0,0.08066511,-0.7263766
Mg;Sac,3.3818626,3.5164099,3.3937352,3.6169276,3.7492378,3.895,3.9138298,0.10510107,-0.6005353,0.013581485,-0.1852882,-0.1207127,-0.045220137,-0.012874709
Mn;N1,2.3966882,2.0913706,2.0933106,2.073586,2.0453956,2.0746183,2.037245,-0.7194477,0.18390766,0.033683695,0.0025893943,-0.011746926,-0.01911042,-0.029338697
Mn;N2,3.15875,3.4920418,3.5018373,3.875,4.091328,4.3879995,4.6657386,0.80707926,-0.513329,-0.38781473,-0.27957013,0.08987045,0.39391795,0.25952196
Mn;N3,3.568114,3.5790052,3.9427114,4.095,4.27875,4.4625,4.64625,3.1338704,-1.3094083,-2.153083,-0.0017642346,0.0,0.0,0.030923938
Mn;N3+,2.83625,3.1125,3.38875,3.63326,3.9745264,4.188187,4.638593,0.2882316,0.0,0.0,0.06382057,0.19795121,1.7933466,0.7544324
Mn;Nam,3.18,3.42,3.66,3.9,4.14,4.38,4.533691,-0.07234964,0.0,0.0,0.0,0.0,0.0,0.008281395
Mn;Nar,2.5325,2.865,3.1188972,3.5607765,3.9395463,4.102216,4.464769,0.06769549,0.0,0.7770833,1.3830495,1.997691,0.10049119,-0.16941372
Mn;Ng+,3.225269,3.6239629,3.6825,3.9,4.1175,4.276301,4.663934,-0.64131117,-0.54227096,-0.47737285,0.0,0.0,-0.09626521,-0.5922561
Mn;Nox,2.5791256,2.5688932,2.7226934,2.8454607,2.8375025,2.8624454,3.2370594,0.79879534,0.20608655,0.16696107,0.62578857,0.07508554,-0.2889797,-0.39148745
Mn;Npl,2.5975,2.7351904,3.0925,3.34,3.5875,3.835,4.083206,2.0776954,1.4971812,1.8309554,0.0,0.0,0.0,-0.13780774
Mn;Ntr,2.7903497,2.8319266,2.8375,2.9,2.9625,2.984843,3.2641997,-0.173218,-0.046056155,-0.12874712,0.0,0.0,-0.07678913,-0.0010298938
Mn;O2,2.2089765,2.4239738,2.99625,3.432908,3.8904588,4.278779,4.5410633,-0.19890144,-0.34217957,-0.1379694,-1.0983282,-0.3565157,0.674776,0.6972781
Mn;O3,2.3716505,2.64,3.02,3.3507075,3.856809,4.0631704,4.6602654,-0.7487258,-0.47718284,0.0,-0.53147036,-0.11580136,0.8274704,0.507651
Mn;P,3.1931486,3.4835045,3.7064543,4.0211716,4.205,4.42,4.635,0.4566277,0.5652103,-0.15251142,0.049011547,0.030821465,0.0,0.0
Mn;Pac,3.114006,3.1921625,3.2617056,3.5000072,3.2735026,3.5192995,3.414286,0.038487315,0.49605435,0.41823658,0.4722968,0.05487083,0.22020076,0.101564415
N1;N2,3.29,3.68576,3.3761039,3.81325,3.998753,4.182687,4.696116,2.4158535,0.2733237,-0.46223927,-0.16657655,0.29366386,0.45913196,0.8889983
N1;N3,3.3203301,3.320907,3.3221774,3.323099,3.3248425,3.324601,3.4383745,-1.4420601,-1.1553622,-0.73252463,-0.49675342,-0.15554169,-0.17628768,-0.3343689
N1;N3+,3.7594383,3.9454596,3.8769255,4.0122337,4.174366,4.2980013,4.301898,1.5199189,1.8526517,-0.0040068533,0.40690246,1.2138293,0.8710564,0.5661829
N1;Nam,2.9035103,3.3671665,3.6071315,3.7547143,4.257649,4.5231733,4.6223254,0.3823218,-0.1911635,-0.98141474,-0.39004236,-0.73965245,-0.6126774,-0.3364663
N1;Nar,3.0851579,3.4024615,3.6525,3.9,4.1475,4.395,5.06331,0.9124209,1.228751,-0.011151795,0.0,0.0,0.0,-1.7797488
N1;Ng+,3.048351,3.2003624,3.611722,3.8847349,4.1217537,4.432791,4.682351,-0.6208884,-0.9691323,-1.8821791,0.634383,-1.1000363,-1.1448675,-0.36577383
N1;O.co2,2.9694958,3.2517426,3.722595,3.95735,4.336372,4.482687,4.6818542,1.5291198,2.1583524,-1.0710248,-0.4328637,-0.25278348,0.7426426,-1.149581
N1;O2,2.9561384,3.0312066,3.5736911,3.9912045,4.1600127,4.481104,4.74862,1.1428807,0.6017546,-0.13311855,0.047314867,-0.1410422,-0.07597013,0.17620772
N1;O3,2.718723,3.3651228,3.5387676,3.7810879,4.108597,4.4377294,4.850208,-0.7811569,-0.94251245,1.3118272,0.52338576,-0.4662627,0.5402124,0.6112399
N1;S3,3.5553622,3.755137,4.055556,4.072914,4.4096584,4.436026,4.751316,-3.800906,0.83453476,1.6020468,0.6501288,-0.6911079,-0.38487262,-1.3160115
N2;N2,3.0811787,3.368404,3.681584,4.0044737,4.1662765,4.309362,4.7491713,-2.9015126,0.021380303,0.83561754,0.00391853,0.94927263,-0.5093062,1.0591582
N2;N3,3.1146173,3.5100179,3.493904,3.8731809,4.173688,4.5531893,5.004035,0.21083626,-0.5422327,-0.89030963,-0.23975503,0.28827456,0.56620777,0.18043771
N2;N3+,2.7588348,3.1323886,3.35249,3.7723815,3.9816885,4.3211856,4.73339,-4.48692,-1.0722836,-2.5482154,0.39203224,1.1290025,0.32985264,0.25678626
N2;Na,3.357582,3.4946024,3.5242531,3.5767262,3.4470665,3.432993,3.4349835,-0.8631552,0.056831397,-0.0074654133,-0.0070651867,-0.04396304,-0.033864208,-0.03850923
N2;Nam,2.8988175,3.09663,3.3896892,3.7029939,4.2856493,4.276856,4.8451934,-1.0121142,0.8148666,-0.33182338,-0.666265,-0.03667992,-0.017724225,0.09634365
N2;Nar,3.094949,3.2225668,3.455909,3.7914257,4.0732226,4.533792,4.8097596,-1.6581525,-1.0944518,-0.068282925,0.4061366,-0.6844283,0.25197467,0.058981705
N2;Ng+,2.8663938,3.0874832,3.4560647,3.9874988,4.1187496,4.3154025,4.4528522,2.1543362,0.5126744,1.5298958,0.8486344,0.330713,-0.11998571,0.050628338
N2;Nox,4.5255847,4.528207,4.6562138,4.6546416,4.8153563,4.815702,5.0793066,-0.23074774,-0.011805676,-0.052687004,-0.16933748,-0.23035556,-0.16082843,-0.10035059
N2;Npl,3.136765,3.5593238,3.5579996,3.8129656,4.145323,4.655311,5.00621,-1.0266342,-0.39061138,0.14289661,0.7196626,-0.6555732,0.12720685,0.3382521
N2;Ntr,3.4191809,3.6263332,3.8830152,4.1025424,4.246035,4.8197503,4.8272114,0.6563008,-1.1427599,0.027340783,-1.2298844,0.26000324,-0.25513428,0.19280034
N2;O.co2,2.49605,2.84437,3.3302019,3.7043154,3.9780147,4.108778,4.6012754,0.46297204,0.35053396,0.57467914,0.021254005,0.065921254,-0.28202018,0.18442413
N2;O2,2.6928742,2.978542,3.0615265,3.6902092,3.9383938,4.33014,4.6826777,-0.020005846,0.053834077,0.333065,0.19074471,0.11759687,-0.0062053767,-0.06456453
N2;O3,2.4291925,3.0403807,3.1345394,3.8684044,4.1025896,4.531072,4.64572,0.16565637,0.31579816,0.4425495,0.4954416,0.17272644,0.42578155,0.22001565
N2;P,3.3584454,3.571833,3.8072848,4.1993914,4.306202,4.4816895,4.889231,0.17581505,-1.3965765,-0.13544032,-1.0467552,0.073378935,1.1977665,-1.7216746
N2;Pac,3.4191635,3.7261536,3.9435718,4.187175,4.3874955,4.5546722,4.6751184,0.28142363,-0.3827699,-0.72551996,-0.4235081,1.2610711,0.38597262,0.7081039
N2;S2,3.15223,3.5894406,3.688932,3.7592013,4.1195145,4.6278763,4.6273966,0.69543546,-1.8413169,-0.767992,-0.9950228,-1.320211,0.81280464,0.3665278
N2;S3,3.4925606,3.644687,3.754684,4.0392795,4.1365023,4.489656,4.7347503,-0.050167583,0.15917619,-0.5297268,-0.03094392,0.27516302,0.07150754,-0.36701345
N2;Sac,3.465,3.6002157,3.876678,4.3734703,4.2288165,4.5735927,4.6274824,0.2598019,-0.7332707,-0.7013155,0.5037318,0.018474322,0.4499968,-0.06777428
N2;So2,3.365323,3.65222,3.656337,3.9461126,4.1811285,4.436278,4.7061696,0.4582644,2.227686,1.3323386,0.36547694,-0.20251544,-0.18159896,-0.97359544
N2;Zn,2.372682,2.6984427,3.095,3.269599,3.825,4.221764,4.609026,-0.40822378,-0.09423075,1.4805818,-1.4539155,-1.8876767,0.030971358,-2.325124
N3+;N3+,2.6851676,3.265225,3.2318356,3.8659618,4.0682044,4.4077554,4.6116138,2.2535233,1.1682662,-0.14597738,-0.8571718,-2.0750496,-0.8046753,0.8835877
N3+;Na,3.8552241,3.8940058,3.93875,4.015,4.09125,4.1728616,4.1392136,1.5573844,0.9709988,0.14223588,0.0,0.0,0.038234506,-0.27871844
N3+;Nam,2.8938093,3.2099252,3.4319496,3.8982143,4.317059,4.373996,4.6791997,-1.37308,0.034099873,-0.9425826,-0.44714212,-0.046765484,0.04135762,0.016089406
N3+;Nar,2.7927575,3.258536,3.4901123,3.486725,3.957759,4.458022,5.1775403,1.0565315,-0.1578046,-0.8915011,0.40225348,0.7447795,0.48287734,0.70145494
N3+;Ng+,3.3638804,3.6956015,3.8612397,4.0975657,4.3440995,4.571216,4.6711135,0.689613,-1.941945,-0.023739522,1.238741,-0.31350502,-0.9966561,-0.35076424
N3+;Ni,2.0513036,2.0529623,2.0791373,1.9425637,1.9433112,1.948133,1.9380147,-0.3231547,-0.08384842,0.0055341404,0.05244693,0.094827205,0.03356486,-0.016549679
N3+;Npl,2.59375,2.9375,3.4155016,3.7407572,3.9050884,4.232781,4.418673,1.6460404,0.0,0.58141714,-1.0877275,0.2852549,-0.0145813525,-0.52303064
N3+;Ntr,3.810444,3.9094427,3.817528,4.275,4.43625,4.5975,4.75875,-3.3840303,-1.1781592,-1.7917209,-2.054408,0.0,0.0,0.031649843
N3+;O.co2,2.5281384,2.9020212,3.2557535,3.585498,4.0324783,4.2232566,4.6805625,-0.8058535,-0.21275267,-0.03617946,0.32012448,0.0811854,0.4497372,0.13504973
N3+;O2,2.7646654,2.9867344,3.285647,3.5751119,3.9583952,4.3039956,5.144041,0.015523774,-0.26526657,-0.31463355,-0.29202116,-0.051931277,-0.04896391,0.11341278
N3+;O3,2.7694986,2.9133775,3.2817745,3.5939004,3.8934247,4.3736005,4.5876226,-0.3179635,0.14838459,-0.11773449,-0.1897802,-0.6148054,-0.0278456,-0.1414503
N3+;P,3.2659621,3.5494275,3.7385235,4.1311517,4.130569,4.4887533,4.683183,-2.0604565,0.24404776,-0.7962797,-0.12154557,0.04637377,0.66852134,1.1686257
N3+;Pac,2.999123,3.386333,3.7939086,3.8883522,4.0071855,4.4175158,4.6676083,1.20674,-0.87773114,-0.18267162,0.011631789,-0.09765547,0.3271786,1.2262608
N3+;S2,3.8967,4.2313986,3.993107,4.476619,4.698914,4.4770913,4.988159,-0.5290627,0.28978974,0.22149302,0.39863908,0.26402342,1.0772015,0.7600042
N3+;S3,2.8337135,3.117763,3.566097,3.8561254,4.213248,4.4142923,4.5044155,0.34608278,0.81530017,0.58806616,1.0644766,0.13456209,0.9382727,-0.8874645
N3+;Sac,3.5135,4.0184484,4.0047226,3.782196,4.210703,4.2813625,4.355282,0.29317668,-0.8744951,-0.000630126,0.12789266,0.05846106,-0.20343366,-0.32055947
N3+;So2,3.3739893,3.5661383,4.023095,4.0175304,4.227973,4.8498116,4.897732,-0.3878602,-0.77685225,0.4034613,0.7155391,1.9831164,0.8072379,0.5252064
N3+;Sox,4.548282,4.4210105,4.4888687,4.4290147,4.464611,4.4899464,4.4565187,-0.16570202,-0.2717665,0.045453917,-0.018425733,0.016579466,0.03265134,-0.021395495
N3+;Zn,2.5101874,2.7875,3.316434,3.4460824,3.6444283,4.315966,4.598606,-0.27047956,-0.7107914,-1.5583112,0.045499954,1.594318,0.038132533,1.0085819
N3;N3,3.1243868,3.373033,3.538967,3.7554564,4.416438,4.6335816,4.8177137,-0.29442844,-0.6396562,-0.46869045,-0.14766279,-1.22809,-0.4645842,1.9817094
N3;N3+,2.9562943,3.3540442,3.513225,3.9117274,3.9781098,4.413446,4.6528773,-0.6045606,-0.09535358,-0.49185434,0.45832244,-0.8391988,-1.0597227,0.21425097
N3;Nam,2.942986,3.3729534,3.7700152,3.9704208,4.055431,4.558872,4.7525563,-0.09197153,0.060958814,0.61724186,0.1623613,-0.036245257,0.10197146,0.22351867
N3;Nar,3.4211793,3.1923866,3.7094786,4.116234,4.191856,4.504163,4.6856313,-1.1524221,-0.91975725,-0.7621458,-0.43324652,1.3168616,0.5072609,-0.23280886
N3;Ng+,3.0619454,3.431587,3.7919605,3.900032,4.0620346,4.5010853,4.617695,-0.35015574,-0.90120876,-0.6725825,-0.15431401,-0.44898322,0.10760522,0.29329687
N3;Nox,3.382639,3.52,3.665,3.81,3.955,4.1,4.2158504,-0.5367191,0.0054166503,0.0,0.0,0.0,0.0,0.0022443582
N3;Npl,3.1989539,3.4044623,3.6329954,3.9612238,4.019801,4.369358,4.607077,-0.60893464,-0.38052264,-0.3332801,-0.32977933,0.36266252,-2.1083643,1.3615848
N3;O.co2,2.8981676,3.3126206,3.4392552,3.883286,4.1026278,4.5928288,5.151844,0.9502242,-0.43442595,-0.8526296,-0.10691548,0.4449665,0.17430834,-0.67118025
N3;O2,2.5395582,2.88529,3.4328537,3.722144,4.06528,4.320008,5.0864673,0.049180396,-0.72193927,-0.25207236,0.42695627,0.029494978,0.348052,0.1599448
N3;O3,2.6864662,2.822339,3.1920505,3.4555259,4.119873,4.2786164,4.7681932,-0.45373932,-0.14732838,-0.066749,0.39081398,-0.4425298,-0.023591358,0.4930898
N3;P,4.1999655,3.8292375,4.337463,4.323846,4.3375,4.73107,4.7297277,1.7674102,1.1055741,1.5146163,0.39830676,-1.0882354,-1.9876295,-0.77134866
N3;Pac,3.8238287,3.9204862,4.192083,4.3583164,4.457195,4.626809,4.718861,1.0032154,0.56814533,1.0645149,0.51601046,-0.25669912,0.45385402,0.23482423
N3;S2,3.6788328,3.951368,4.131591,4.357141,4.455441,4.5564127,4.8256636,-0.8439716,0.44801348,-2.3046806,-0.93404,-0.113005415,1.7685071,-2.1291313
N3;S3,3.477968,3.604099,3.953618,4.089249,4.4620028,4.6201673,4.678104,1.1269319,0.5548521,-0.0999775,0.95585555,2.173745,0.41444632,0.93994915
N3;Sac,3.5349934,3.5052834,3.4772599,3.316768,3.5366032,3.5264816,3.7334251,0.31961897,0.026511677,-0.05269607,-0.23917045,0.074717976,-0.22565609,-0.35088977
N3;So2,3.726682,3.7805972,4.066512,4.2747207,4.496146,4.661272,4.8242497,-0.07570398,-0.099355705,-0.49605495,1.2356806,-0.9269947,0.7453139,0.24789599
N3;Zn,2.0460112,2.52,3.0742238,3.34,3.8378997,4.1849675,4.709129,-0.5429308,-1.083797,-0.36964515,-1.500568,1.9973301,-0.20411949,-1.1306487
Na;Nam,4.2913485,4.2784395,3.9135976,3.9507253,4.2764297,3.918719,3.9626887,0.47270465,-0.000691913,-0.027473265,0.046222586,0.0038388614,-0.015378642,0.02704561
Na;Nar,3.7984545,3.8127367,3.940065,3.9214675,4.1123676,3.9134924,3.921157,-0.0071277306,0.1344607,0.034066077,-0.029589768,0.059392124,-0.06049644,-0.014797617
Na;Npl,4.778,4.7474027,5.049353,4.764431,4.9571023,4.769257,4.7833166,0.035922423,0.0057857437,0.06709325,-0.046058953,0.038629502,-0.0052450113,0.0071972487
Na;O2,2.6842945,2.8336136,3.34375,3.6771822,3.9945939,4.162406,4.6146917,-0.04607942,0.22424537,0.4594372,-1.3982545,-0.47470143,1.2251481,-0.42781764
Na;O3,2.5618496,3.012792,3.24125,3.6583295,4.0525007,4.450447,4.53625,0.2439357,-0.8596558,-0.66849536,0.66282326,0.64331144,-0.02198674,0.34561622
Na;P,3.5778377,3.6042244,3.5808992,3.6340668,3.6317394,3.6514413,3.7683027,0.81000984,0.73676795,0.75396633,0.77393025,0.7652238,0.7518949,0.7296438
Na;Pac,3.2753353,3.38,3.51,3.64,3.8017578,4.2240953,3.8127255,1.0563614,0.1994296,0.0,0.0,0.030869447,-0.7689026,-1.2910129
Na;S3,3.6043134,3.586704,3.276933,3.5872955,3.432001,3.441859,3.519786,0.4457802,0.2269999,0.024584562,0.021375692,0.014102094,0.0021376368,-0.050301027
Nam;Nam,3.06938,3.528501,3.6061904,3.7204852,4.457841,4.497135,4.6435094,-0.7937322,-0.4630797,-0.45761544,-0.21433514,-0.0932612,-0.11230048,-0.15668339
Nam;Nar,3.1703846,3.105644,3.268852,4.01055,4.2752547,4.558425,5.012623,0.14868882,-0.019166337,-0.04708613,0.05607703,0.17449662,0.122009285,0.12758721
Nam;Ng+,3.1235104,2.87065,3.4245517,3.8177915,4.1436,4.2868495,4.5958753,1.2385706,0.58993053,1.2968777,0.031610712,0.4022154,0.11890874,0.52206326
Nam;Ni,3.180646,3.38,3.6,3.82,4.04,4.26,4.48,-1.8163365,-1.3145598,0.0,0.0,0.0,0.0,0.0
Nam;Nox,3.1180148,3.6103437,3.75625,3.8594203,4.3317695,4.4436746,4.5993643,0.29515874,0.70555675,0.53638273,-1.0358341,-1.2162217,-0.2609147,0.060541213
Nam;Npl,2.59375,3.00615,3.373602,3.5821545,3.7912545,4.3255906,4.8881807,1.8519329,0.43058202,-0.57058585,0.16602309,0.48256803,0.14807822,0.19644745
Nam;Ntr,3.1193388,3.4566154,3.7469912,3.7582643,4.2254615,4.439717,4.829289,1.2738854,-1.1118121,-0.651779,0.30762386,0.58595484,0.7059575,0.21008347
Nam;O-,3.478826,3.685,3.8675,4.039261,4.332187,4.415,4.5975,0.045449086,-0.009345845,0.0,-0.19166112,-0.17648764,-0.14277317,0.0
Nam;O.co2,2.7744973,3.1563764,3.3662539,3.8750007,4.046462,4.1754975,4.637806,-0.26688918,-0.1007682,0.23110932,-0.38105568,-0.13148719,0.30328375,0.15892693
Nam;O2,2.5610392,3.1837628,3.1835232,3.5327258,3.86888,4.3739862,4.5868864,0.4497268,0.05008605,0.11850407,0.2141988,0.11314213,-0.005443466,0.09492092
Nam;O3,2.6458764,2.952391,3.31034,3.5091019,3.8512375,4.2932777,4.7036476,-0.5303244,-0.23440233,0.03524387,-0.18030055,0.029573612,-0.169702,0.0734369
Nam;P,3.3902373,3.874154,3.9963048,4.1780457,4.431002,4.775451,4.964259,0.41869813,0.5560225,0.2767764,0.1400316,0.039971728,0.11705787,0.19701439
Nam;Pac,3.3019254,3.2561882,3.722504,3.8862793,4.1036744,4.3011045,4.5424004,1.1998166,0.5650714,0.51829016,0.22746612,0.47786134,0.29886827,0.45043954
Nam;S2,3.141094,3.4961462,3.757643,3.9317994,4.0978465,4.4060273,5.1645274,0.6704441,1.1572946,0.3490829,0.70742726,0.13102388,0.5422167,-0.15337059
Nam;S3,2.980572,3.3874624,3.5795019,3.8028505,4.117934,4.671855,4.7350216,0.7057929,0.2744323,0.32902494,0.59460914,0.13349912,0.13428515,0.54438245
Nam;Sac,3.6498048,3.7944796,4.139794,4.096548,4.378986,4.556369,4.749554,-0.7746346,-0.4027777,-0.15594895,-0.20137975,-0.15759407,0.032477513,-0.03773807
Nam;So2,3.3865921,3.6337035,3.8554873,4.002133,4.250505,4.5836635,4.731087,0.627332,0.7234166,0.17310493,0.09143266,0.27463174,-0.12168266,-0.36756438
Nam;Sox,4.1174436,4.292776,4.305,4.37,4.435,4.449544,4.7754307,0.02774583,0.3900895,0.07572231,0.0,0.0,0.06017279,0.36898893
Nam;Zn,2.28625,2.761781,2.977221,3.4227567,3.6760652,4.2363687,4.8703775,-2.215508,-1.5198299,-2.3600454,-1.7931582,0.8739801,0.16744219,-0.53686523
Nar;Nar,3.1959436,3.253521,3.8032408,4.116884,4.2986217,4.4835787,5.161853,-0.61254704,-0.03944794,-0.036855448,-0.6187392,0.5267816,0.22082293,0.6816727
Nar;Ng+,2.9095347,3.0021374,3.5183992,3.8025608,3.9924834,4.331697,5.081198,0.4471436,-0.37914956,-0.62190557,-0.034842763,-0.38924602,0.30504513,0.22860327
Nar;Ni,2.36625,2.6225,2.87875,3.135,3.39125,3.6475,3.90375,-0.75099266,0.0,0.0,0.0,0.0,0.0,0.0
Nar;Nox,3.28375,3.5275,3.77125,4.015,4.473124,4.4856443,4.8178887,0.03901194,0.0,0.0,0.0,-0.55332893,-0.7440431,-0.75586575
Nar;Npl,3.1739552,3.8115475,3.820565,4.0243254,4.1405725,4.522765,4.680622,-1.7543114,-0.2435034,-0.20498824,0.010544335,-0.2211158,0.24297482,-0.7898543
Nar;Ntr,3.81015,3.789342,4.0150304,4.3135247,4.355735,4.7445326,4.7891927,0.94006985,-0.9743744,-0.27756736,0.383123,0.6444204,0.774053,1.0331316
Nar;O.co2,2.631266,3.1084487,3.2998276,3.7852323,4.127757,4.4042177,4.8518157,0.024652706,-0.5845983,0.08020529,0.036537383,0.5166094,0.0427072,-0.3153784
Nar;O2,2.68025,2.9528203,3.1126006,3.7964501,3.9183512,4.1012588,4.7466455,-0.13729157,-0.39964068,0.030531485,-0.19019513,-0.2889396,-0.09110451,-0.11110635
Nar;O3,2.4135323,2.8722184,3.089629,3.6851397,3.7966897,4.193574,4.4879694,0.019306738,0.08425332,-0.15321404,0.08311114,0.32652554,0.19790243,0.3358439
Nar;P,3.5657892,3.7983253,3.8926895,4.153477,4.4563303,4.530439,4.879,-1.0348017,-1.9496957,0.243042,1.8162345,-0.15435083,-0.508568,-2.3021417
Nar;Pac,3.7332397,3.8666205,4.053521,4.303234,4.3360977,4.62,4.747411,-2.2109327,0.011072579,1.2722906,-0.1811429,-0.72070044,-0.31975773,-0.24499193
Nar;S2,3.611893,3.6078374,4.115323,4.166998,4.33125,4.5475,4.869239,-0.06203576,0.65773034,0.7819956,1.4021368,0.086565174,0.0,-0.55373675
Nar;S3,3.4630187,3.4781115,3.869154,4.2200994,4.455684,4.466068,4.8324127,-0.65141314,-0.16980794,0.16319029,-0.08663993,-0.04963872,-0.085948884,-0.22138338
Nar;Sac,3.8485782,4.1260076,4.169727,4.43987,4.516494,4.6175,5.0548224,-0.49569103,-0.41376984,-0.18792494,-1.6307483,-1.4951953,-0.18479161,0.5845605
Nar;So2,3.8766062,4.0962963,3.890979,4.0420856,4.275476,4.27534,4.2725654,-1.425433,-0.3479129,-0.14640622,-0.42853504,-1.0358955,-0.57994914,-0.028950892
Nar;Sox,4.519073,4.5903163,4.600426,4.5932856,4.572553,4.5686584,4.5734987,-0.039620772,0.289007,-0.009913291,-0.118356206,0.05407941,-0.025252992,-0.06497554
Nar;Zn,2.1891701,2.6071043,3.2015917,3.4780548,3.8257494,4.054575,4.9808793,0.04821077,-1.3430583,0.30004367,1.4449408,0.08337375,0.93650734,0.74905527
Ng+;Npl,3.2862177,3.700512,3.8514283,4.091157,4.3130207,4.4168644,5.0990825,-1.5115407,-0.52481735,0.13268417,-0.39551514,1.1301266,0.6140418,0.17124851
Ng+;Ntr,3.3663535,3.807299,3.7286534,4.1064596,4.336419,4.547601,4.6519184,0.52153957,-0.064855404,-0.6288197,-1.0393958,0.1396432,-0.2487567,-0.016207913
Ng+;O.co2,2.8432043,3.4123995,3.4722006,3.83,4.2098675,4.2738957,4.6175,0.010371266,-0.20819749,-0.22037573,-0.43820742,-1.3621659,-0.6103789,-0.72101074
Ng+;O2,2.44016,2.6927695,3.4721427,3.6624146,3.8614802,4.2306304,4.5281487,-0.3333445,-0.053557865,0.08096637,0.14458917,0.032531746,0.020011779,-0.06086436
Ng+;O3,2.6764483,3.057126,3.1856966,3.887979,4.0312033,4.4037557,4.7242856,0.9963841,0.39624956,0.17620619,0.1860958,-0.15940727,0.4304833,0.020463724
Ng+;P,3.450691,3.7291362,4.0131927,4.2120533,4.432343,4.5425124,4.784072,-0.3971486,0.28429002,-0.1973715,-0.03217362,0.6386529,0.17332764,-0.546813
Ng+;Pac,3.0677032,3.5094664,3.600058,3.7876983,4.23705,4.6194954,4.742779,-1.5288161,0.66855484,0.30035698,-0.1738712,-0.05433108,-0.14966692,-0.39875054
Ng+;S2,4.5691233,3.9163527,4.035976,4.1711645,4.5369034,4.5442886,4.8943963,-0.28878558,0.06381552,-0.840577,-0.016733984,-1.7640042,0.3840153,1.6454446
Ng+;S3,3.6881511,3.9592083,4.081791,4.242811,4.4585714,4.6375794,4.7439127,-0.2462737,0.25867757,0.16082758,0.7536347,-0.29873338,-1.60706,-0.30375293
Ng+;Sac,3.8149228,3.9323826,4.135459,4.326427,4.4791403,4.6593843,5.1444097,0.21101648,0.10524022,0.17589167,0.2789971,0.38569596,0.163523,-1.1233442
Ng+;So2,3.6328986,3.88545,3.9977307,4.12182,4.320969,4.6990886,4.9172215,-1.3024628,0.25174236,-0.28226703,0.31786594,-0.19672391,0.3343871,1.2509546
Ng+;Sox,3.9713366,3.943368,3.9405773,3.9237099,3.9987512,4.118022,3.9976726,0.06750137,0.102335915,0.017292585,-0.030303478,-0.059162583,-0.020808248,-0.084296964
Ni;O2,2.0689688,2.4575,2.6892357,3.035,3.32375,3.6125,3.8650692,0.03728867,0.5345238,-1.7445127,-1.7806387,0.0,0.0,-0.059870437
Ni;O3,2.41534,2.4106102,2.1044374,2.0954032,2.313483,2.310826,2.5329392,-0.5172107,-0.12518498,-0.07875421,-0.63927895,-0.86650485,-1.1180567,-1.407101
Nox;Npl,3.5132787,3.6283426,3.83875,4.065,4.2665505,4.487261,4.7918615,-0.38544756,-0.437836,-0.13564643,0.0,0.007991864,-1.0498693,-0.23299132
Nox;O.co2,2.7043147,3.052576,3.1844223,3.6404953,3.91875,4.2125,4.412301,-0.6168392,0.6662416,0.17377895,-0.05949515,-0.29680738,0.0,-0.126814
Nox;O2,2.9675,3.255,3.5425,3.7115555,4.0287647,4.3899617,4.5915523,-0.055694185,0.0,0.0,0.113729335,-0.20561461,0.40941775,0.3628999
Nox;O3,3.339523,3.5223298,3.767895,3.924421,3.9131145,4.3034067,4.564139,1.4525706,0.9268471,0.66649264,0.36577448,0.0068347566,-0.031079572,0.5679519
Nox;S3,3.5775,3.775,3.9725,4.17,4.3675,4.565,4.6903024,0.032239348,-0.031713527,0.0,0.0,0.0,0.0,0.0103842085
Nox;Zn,2.26,2.53,2.8,3.0839965,3.367249,3.61,3.88,-0.44692963,0.0,0.0,-0.3373473,-0.058527518,0.014327468,0.0
Npl;Npl,3.3504007,3.3730898,3.453181,3.8704417,4.233643,4.289738,4.420125,-0.7644282,0.581772,-0.1324392,-0.3033167,-0.3818274,0.0792448,-0.23388684
Npl;Ntr,3.8458366,3.9673936,4.1481247,4.305,4.5725374,4.5712624,4.77375,-0.49295604,-0.14834598,-0.16747773,0.021938996,0.02787797,-0.084908225,-0.13204779
Npl;O.co2,2.8788004,3.0897958,3.308233,3.507383,3.869403,4.41307,4.814765,-0.71806294,-0.29150072,0.30503237,-0.10447199,0.17506108,0.40551227,0.4720763
Npl;O2,2.7818646,2.9255672,3.199019,3.7902656,4.0921226,4.560785,5.1688824,-0.45883214,-0.40123808,-0.09298172,-0.45880988,0.012572518,-0.0007491517,0.13923681
Npl;O3,2.6375542,2.9088256,3.33016,3.8039668,4.160835,4.3432837,4.5938354,0.71884966,-0.081107706,0.68751717,0.46648797,0.089513876,-0.49635032,-0.4428142
Npl;P,3.9202185,4.0286655,4.2179313,4.457589,4.4634,4.5471654,4.6585827,-0.3113068,0.80626094,0.0015890176,0.6864777,0.23665275,-0.08049737,0.5706111
Npl;Pac,3.766927,4.0445986,4.1608257,4.0417223,4.598689,4.494686,4.63546,0.97344357,1.100894,0.5852815,0.052874364,-0.39305636,-0.23272361,0.8896763
Npl;S2,3.3275,3.6021206,3.8172207,4.135068,4.3745456,4.655512,4.8640294,3.020421,-0.599908,-0.09629188,-0.8432964,-0.33430094,-1.2002506,-2.035833
Npl;S3,3.3171556,3.7381496,3.7031667,3.856986,4.2741675,4.591147,4.9297395,-0.10613583,0.28367,0.23497406,0.03681491,0.52829736,-0.31110153,-0.7860739
Npl;So2,3.5647228,3.680915,4.0811725,4.125621,4.411194,4.6370177,4.6701264,-1.3629348,-0.63458234,-0.44985393,-0.38437426,-0.8791328,-0.9946279,-0.074381284
Npl;Zn,2.3703668,2.57,2.9,3.23,3.56,4.055671,4.059985,1.5674001,1.1750178,0.0,0.0,0.0,2.0355396,0.30664462
Ntr;O.co2,3.3147438,3.8717372,3.845965,4.2160316,4.3366175,4.3344407,4.9755864,-0.9930218,-1.2640713,-0.6947845,1.8277913,1.5865341,0.7359986,0.7601139
Ntr;O2,3.2046409,3.4612243,3.8673189,4.0244503,4.1789656,4.4895515,4.694447,-0.0026739817,-2.2083266,-0.74181867,-0.95741755,0.42634585,-0.60265815,0.45024908
Ntr;O3,3.1668649,3.534881,3.7147372,3.9152029,4.206795,4.4969087,4.6299634,-1.1067238,0.3335414,-0.20236652,0.41730946,1.4767977,0.94061756,0.48673585
Ntr;S3,3.524758,3.7531433,3.8556533,4.3136015,4.1813455,4.5976067,4.6495304,-1.4021822,-2.2649739,-1.1190569,-1.9408897,-1.4608182,-2.580503,-0.36574528
Ntr;Zn,2.965,3.19,3.415,3.64,3.865,4.09,4.315,-0.49629527,0.0,0.0,0.0,0.0,0.0,0.0
O-;O.co2,4.9026423,4.884849,4.588902,4.9032435,4.9208746,4.8379936,4.8991055,-0.05216695,0.037660435,-0.0046397164,-0.012057365,-0.06470102,-0.012477664,0.035118822
O-;O2,3.56,3.76,3.8704784,4.216073,4.36,4.56,4.6453543,-0.20867075,0.0,-0.0040900926,-0.20465954,-0.11598888,0.0,0.036674
O-;O3,4.513287,4.551304,4.6,4.5909643,4.8445754,4.6301622,4.9034657,0.033994433,0.045930285,0.027621467,-0.42283076,-1.2686158,-1.8349454,-1.05799
O-;S3,3.9380271,3.9372334,3.9332056,3.9078436,3.9263816,3.934094,3.930994,0.01164607,-0.028659673,0.010597729,0.004134621,0.0076805525,-0.0047061173,-0.02202176
O.co2;O.co2,4.9305606,4.5841966,4.5960045,4.927042,4.6412063,4.641316,4.6431656,1.2289101,-0.27697954,0.0064973794,0.2559562,-0.3050158,-0.15725058,-0.014849867
O.co2;O2,2.3240871,2.9805067,3.0974472,3.628533,3.9404955,4.2326903,4.694565,-1.2700783,0.09820158,-0.1274165,-0.051543012,-0.15072535,0.005206382,-0.17825413
O.co2;O3,2.3618054,3.0128126,3.3235586,4.1079545,4.0572333,4.45456,4.3485165,0.5003942,-0.16321719,0.22389957,0.105779305,0.07788441,0.21980615,-0.035958238
O.co2;P,3.6361105,3.957909,3.9612017,4.181093,4.389632,4.54833,4.8398304,-0.540395,0.2539562,0.22630729,-0.21898906,0.41177842,-0.17993791,0.8473273
O.co2;Pac,3.2750547,3.541026,3.668313,4.1310124,4.13166,4.424553,4.6520853,1.2938641,0.5910738,0.17594281,1.3985482,0.8260149,0.43771565,-0.23955634
O.co2;S2,3.1076167,3.3418686,3.5355198,3.7774847,4.226034,4.4735837,4.693932,-1.5679746,0.32468176,-0.46643767,-1.7141106,-0.6326039,-0.95732486,-0.956611
O.co2;S3,3.1729085,3.4728518,3.656559,3.975886,4.2281365,4.589565,4.7069736,0.42244655,-0.5378514,0.069121815,-0.08374128,0.81390226,-0.039261926,-0.35878932
O.co2;Sac,3.547976,3.5930376,3.8722281,4.1179137,4.249583,4.465362,4.6596384,0.56781614,0.3595335,0.11223822,0.75130486,0.010928199,-0.075111665,0.07426156
O.co2;So2,3.5976005,3.8602467,4.160664,4.2916126,4.465168,4.3961763,4.786806,-0.14069232,0.60523814,-0.16993576,-0.7567077,-0.4483848,-0.20490402,-0.83625555
O.co2;Sox,4.1743674,4.292157,4.3329406,4.448639,4.4491878,4.1656384,4.443174,-0.313816,0.041959535,0.06777357,0.06549102,0.022737607,-0.027741032,0.053810947
O2;O2,2.2212007,3.0755465,3.2075686,3.3071408,3.972183,4.2331886,4.564901,0.31825247,0.026245097,-0.13506004,0.20784354,0.115645416,-0.061748937,-0.015021954
O2;O3,2.2442074,2.8286452,3.3338537,3.5378096,3.9068577,4.154379,5.18806,-0.4349154,0.1057522,0.01885836,0.11589837,0.055710837,-0.0934305,0.05314781
O2;P,3.1188605,3.33194,3.637143,3.9298182,4.2103553,4.4935794,4.7036242,3.1346846,-0.3575279,0.25059158,-0.3913155,-0.22336783,0.23158598,0.43857569
O2;Pac,3.32,3.5957303,3.7321904,3.9958215,4.1933637,4.672112,4.937079,1.373169,2.332218,0.89577615,0.035509624,0.5148117,-0.03115005,-0.21390444
O2;S2,3.1648986,3.3429513,3.512007,3.9977748,4.1482983,4.3355656,4.9113417,0.0831081,0.91928476,0.32662103,-0.027410042,0.21154387,0.13992368,0.20841049
O2;S3,2.7633958,3.2648714,3.4701993,3.8701897,3.9914048,4.457595,4.630609,2.139509,1.1079931,0.353865,0.2917178,0.37869766,0.21198909,-0.09038977
O2;Sac,3.9583666,4.0375,4.1087,4.399047,4.5642366,4.7409415,5.1213493,0.6063346,0.0012413827,1.0947942,1.4887277,1.4838443,0.4688625,-0.6139432
O2;So2,3.474546,3.654556,3.8353858,4.024939,4.250735,4.8542466,5.132482,-1.2745864,-0.4885735,-1.0026652,-0.9346394,-0.7631768,-0.32924715,-0.6158601
O2;Sox,3.53875,3.690318,3.960565,4.135,4.33375,4.5009418,4.8242397,0.15547368,-0.26950008,-0.9038654,-0.77143556,0.0,-0.00048735115,-0.56951135
O2;Sr,2.87375,3.1375,3.40125,3.6340108,3.967606,4.1925,4.348012,1.2090586,0.0,0.0,0.15520182,1.1979071,0.30105457,0.33287308
O2;Zn,1.931262,2.403055,2.5645373,3.2318885,3.7426353,3.9079275,4.5432763,0.5680942,-0.1175915,-0.19604392,0.2215031,-0.2260428,0.37298575,0.4796766
O3;O3,2.4273787,2.6105154,3.2505727,3.7790399,3.9131846,4.384841,4.7796707,0.011715535,0.3510328,0.40306675,0.08635617,-0.09811403,0.0629174,-0.059665363
O3;P,3.2183363,3.706471,3.853594,3.9757004,4.3633404,4.58578,4.782656,0.6733864,-0.59050804,-0.24147359,0.39971328,0.3441805,0.55221635,0.81830645
O3;Pac,3.3270502,3.4035046,3.6690817,3.866593,4.284919,4.4297123,4.7953467,0.3719984,0.3361188,0.065561436,-0.4285755,-0.7558971,-1.098956,-0.8852494
O3;S2,3.1197343,3.310238,3.5088632,4.026671,4.134744,4.309734,4.932508,1.9833624,0.32971433,-0.52788615,-0.33273387,0.015333671,-0.9209447,-0.411339
O3;S3,3.0518663,3.2115626,3.525282,3.8922534,4.146182,4.401762,4.529303,-0.48498362,-0.7048867,0.47954187,0.08686474,-0.34619543,-0.2726295,-0.14552273
O3;Sac,3.4081657,4.0210786,4.097832,4.1772037,4.258468,4.629822,4.777121,-0.52740115,-0.9632392,-0.65768564,-0.87525564,-0.8470545,-0.93850327,-0.6729141
O3;So2,3.4737957,3.644088,4.0271726,4.1481,4.310279,4.590589,4.8784404,-0.23220722,0.6594972,-0.36080614,0.4078954,-0.13096209,0.76377445,0.317377
O3;Sox,4.0176644,4.0654616,4.2524114,4.36,4.4675,4.575,4.613634,-0.47387692,-0.31426132,-0.40163133,-0.03138384,0.0,0.0,-0.124192156
O3;Sr,5.0491314,5.0713263,5.015142,5.0397525,5.0721345,5.0234838,5.0155425,0.49594286,0.18026179,0.09009121,0.059589032,0.13221939,-0.061357196,0.00061531254
O3;Zn,2.3136394,2.490106,2.9814782,3.464908,4.104215,4.3533797,4.8508687,-0.36939815,0.5568955,-0.11871501,-0.120550185,0.8217285,0.34564647,-0.59445554
P;S3,4.261625,4.4775023,4.485181,4.5342555,4.626027,4.626052,4.800974,-0.28725395,-3.2085097,-1.2569093,-0.14202976,-0.02184974,-0.49379563,-0.65176094
P;Zn,2.7577956,2.9134407,3.1152165,3.171943,3.4306414,3.5959127,3.696679,0.0010211099,0.40304145,-0.64868593,-1.4394535,-2.1485524,0.94770694,0.38821316
Pac;S3,3.3196335,3.6789753,3.86625,4.085,4.30375,4.374074,4.9585576,-1.1829828,0.16438942,0.083365574,0.0,0.0,1.9624975,2.762636
Pac;Sr,3.6719644,3.8186045,3.756808,3.6875439,3.7020116,3.8585064,3.5858989,0.39734688,0.18667997,0.00074784405,0.066129744,0.0713478,0.054913666,-0.085713476
Pac;Zn,2.876897,3.0188494,3.5416863,3.601993,4.025,4.29,4.633732,-0.48192576,0.60255075,-0.039562717,-0.06296184,0.019533243,0.0,0.22578059
S2;S3,3.4373004,3.7285182,4.247243,4.052466,4.3502836,4.466087,4.61476,3.3834715,0.25916335,-1.0060729,-0.40695024,-1.7449027,-0.028779227,-0.7195008
S2;Zn,2.4850974,2.9225,3.2241294,3.5081012,3.9014711,4.3075,4.652256,0.9400592,2.0882013,0.25982204,1.0584722,0.2458649,0.71497345,-0.0017760799
S3;S3,3.4714515,3.8887594,3.8901873,4.2974563,4.4996934,4.499756,4.8689084,-2.1368012,0.6990457,-0.2454277,-0.3832776,0.61822015,-0.71733814,-1.3184568
S3;Sac,3.4370582,3.5090816,3.6515,3.6475332,3.7411988,3.498874,3.4345248,-0.4174912,-0.47474572,-0.5130683,-0.39855215,-0.3959646,0.26834205,0.08312895
S3;So2,3.485281,3.7643898,3.7643926,4.234704,4.235002,4.635822,4.598989,-1.5320612,1.2349112,-1.0651593,-1.4290758,-0.8779076,0.9183432,0.16409609
S3;Zn,2.3747072,2.7125,3.2462454,3.6118472,3.8428366,4.1674953,4.6928864,-0.68104166,-0.2219303,0.30860615,-0.27249137,-0.47472203,0.1268439,-0.40930232
So2;Zn,2.4420235,2.5849566,2.595602,2.941246,2.9675586,3.0200577,3.662037,-0.04464117,-0.0459193,-0.8590561,-0.65433633,-0.36940703,-0.33942014,-0.3836501
a1b1,-0.11699598,0.076969236,-0.01685807,-0.03418576,-0.0039600795,-0.022091178,-0.030140156,-0.33790046,-0.33790046,-0.33790046,-0.33790046,-0.33790046,-0.33790046,-0.33790046
a2b2,1.1436088,-2.510897,-0.11147144,0.6158386,-0.59707403,0.14008084,0.5231735,-0.33790046,-0.33790046,-0.33790046,-0.33790046,-0.33790046,-0.33790046,-0.33790046
