,cut1,cut2,cut3,cut4,cut5,w1,w2,w3,w4,w5
Br;C+,3.601846,3.5591197,3.9874387,4.0022154,4.1637526,-0.8964779,0.24853769,0.18366927,0.41798404,1.8815546
Br;C1,3.588915,3.8082662,4.1814,4.35,4.605,3.0293207,-1.6602366,-0.8901143,-0.46539962,0.0
Br;C2,3.3588102,3.864452,4.180521,4.3138885,4.52333,0.4213162,-0.40811896,-0.18755479,0.80122805,1.8424765
Br;C3,2.863031,3.6004744,3.8793128,4.285644,4.523673,-0.77493566,0.54044455,0.15340295,-0.06306174,0.12850252
Br;Cac,3.859572,4.122723,4.1508594,4.457395,4.615,-1.1527323,-1.0353427,-0.12265699,0.97467977,0.052425593
Br;Car,3.6254406,3.847958,4.283236,4.510693,4.8215175,0.054244045,-0.037047476,-0.4361181,-0.20871596,-0.67709416
Br;HO,3.2577736,3.6056685,4.032214,4.2896028,4.7580624,-1.2331661,2.1795483,2.0271716,1.0668104,-0.74390584
Br;N2,3.6478786,4.0421786,4.277656,4.4623556,4.5852475,0.7283854,-0.101773866,2.4067676,-0.25788316,0.36516732
Br;N3+,3.9017065,4.151356,4.34,4.657082,4.871428,-0.5336445,-1.546299,-0.08116623,0.6185321,-1.6140774
Br;Nam,3.3003168,3.8980143,4.236456,4.5631685,4.736444,-1.2421806,0.26265398,-0.61543983,0.023213021,-0.24056602
Br;Nar,4.6001277,4.600715,4.696822,4.614881,4.6529775,-1.060563,-0.8559691,-0.60270184,-0.40600345,0.630383
Br;Ng+,3.4730384,3.6129808,3.9412482,4.1857953,4.602776,-2.949681,-0.21256068,0.9173222,2.2708812,0.23067789
Br;O.co2,3.4695954,3.7466667,3.9928186,4.3846207,4.6640263,-0.1796072,-0.36988172,-0.047271665,2.0305936,-0.7089352
Br;O2,3.0520732,3.226875,3.9501638,4.247507,4.5833945,-0.2856363,-1.13364,-0.61910725,0.034649394,-0.8895512
Br;O3,3.7907495,4.2408843,4.2113028,4.4452252,4.5929136,-1.3558692,0.8033932,0.53094834,0.07239596,0.809654
Br;S3,3.3953826,3.8334758,4.001674,4.532651,4.7435513,-1.6532097,0.8271718,0.23082387,-0.22875579,0.6485575
C+;C+,3.7675421,3.9291785,4.0853925,4.3129005,4.6239047,-2.1446493,0.58820087,0.12817658,0.6992643,-0.5360735
C+;C-,3.671564,3.8638296,4.207562,4.58914,4.77826,1.0796857,-0.96683437,-0.44125327,0.12788165,0.3286489
C+;C1,3.8762836,3.8931553,4.3070817,4.5226655,4.6594796,-0.17369041,-0.01296355,0.60071886,0.9822678,0.45367053
C+;C2,3.5820553,3.8236923,4.032685,4.731213,5.175097,-1.06769,-0.3305275,-0.5139954,0.09681392,-0.2683016
C+;C3,3.5505416,3.7034745,3.948506,4.530892,4.762484,0.5518044,-0.039316185,0.12892477,-0.0068952446,0.18345855
C+;Ca,4.9058256,4.897655,4.912069,4.7217913,4.8748636,-1.2441492,-2.3502338,-2.3961008,-2.4513204,-2.1272304
C+;Cac,3.6886978,4.0790353,4.2090425,4.408723,4.6282554,-1.1855996,0.19819652,0.13773839,-0.058102947,0.39028287
C+;Car,3.1077118,3.7682226,3.9602387,4.168869,4.660067,-2.1100771,0.15390113,-0.33341515,-0.044684812,0.14496256
C+;Cl,3.7397652,4.16236,4.167727,4.4960885,4.6195583,1.9268595,0.4365736,0.55990165,-0.32076788,-1.2021083
C+;F,3.2317483,3.4848282,3.7821443,4.4261746,4.707338,1.5431222,-0.5567482,-1.0199676,0.20260842,-0.63915
C+;HO,2.7954066,3.23337,3.7330158,3.9263303,4.80228,-1.2061479,0.16319716,-0.15900332,-0.44940227,-0.21882021
C+;I,5.0182815,4.488874,4.4870443,4.815743,5.021437,0.33029455,-0.0049710297,0.01225391,0.3109068,0.39512438
C+;Mn,3.3566666,3.715349,3.7850382,3.9906595,4.115552,0.19109258,-0.43866658,-0.5970043,-0.1799198,0.19135675
C+;N1,3.8599536,4.0792947,4.3417845,4.3857694,4.531215,-0.14886086,-0.84586525,-0.07411385,-0.6228807,-1.3334153
C+;N2,3.519298,3.8699172,4.186636,4.1856284,4.6535435,1.9198599,-0.0601636,0.6747269,0.1263728,-0.37639546
C+;N3,3.8433332,4.0951915,4.2560964,4.449853,4.5901604,-1.6074035,0.25997606,-0.20242983,-1.8139362,-0.4488221
C+;N3+,3.5847037,3.8727279,4.0216126,4.5550513,4.735036,3.3073168,-1.8304925,1.3818935,1.9876226,1.1153488
C+;Na,4.7982416,4.853609,4.5396266,4.752839,4.7410316,-0.73990643,-0.019776728,0.14860737,-0.11764871,-0.10148506
C+;Nam,3.3283298,3.6770313,4.2552156,4.4343257,4.818902,0.24737251,0.24956599,-0.6906349,-0.09259423,-0.44278273
C+;Nar,3.4252226,3.7644928,3.9672763,4.233521,4.887916,2.0096457,0.6069181,-0.51489204,0.2186291,-0.5768566
C+;Ng+,3.215112,3.7549922,4.145907,4.43849,4.873416,-0.7610856,-1.4885798,-0.79981196,-0.55430084,0.27870265
C+;Npl,3.671487,4.028972,4.07193,4.490185,4.5683174,-0.70437145,0.6919621,-0.02749076,-0.96329755,0.14802417
C+;Ntr,4.2252336,4.4401045,4.536767,4.552317,4.8777766,1.4721417,0.19839203,-0.5316758,-0.83076996,-0.19126546
C+;O.co2,3.2496693,3.8684893,3.9800909,4.182258,4.528577,0.2888985,-0.30739722,-0.1350869,0.17527035,-0.4144913
C+;O2,2.7687135,3.4499764,3.7762823,4.2060785,5.1747847,0.25414413,0.08934494,-0.12922558,-0.025758745,-0.1353893
C+;O3,2.8862565,3.399577,3.559959,4.2569156,4.5165167,-1.855383,0.51023406,-0.43712613,-0.055758644,0.12460558
C+;P,4.095939,4.211366,4.513166,4.7147956,5.1657963,-0.29357877,-0.7764431,0.28167236,0.98732954,0.6431514
C+;Pac,3.547857,3.7707613,4.0996866,4.2766438,4.8677616,0.5921039,-0.322767,0.49046448,0.037962995,-0.16122118
C+;S2,4.0187597,4.015719,4.2079554,4.189209,4.4688063,1.4381446,-0.105275795,-0.9134711,-1.09821,0.7061928
C+;S3,3.8106751,3.9804642,4.224215,4.596044,4.8315454,1.6992588,0.527674,0.8501533,0.12597825,-0.27194968
C+;Sac,4.274631,4.533582,4.7115602,4.880399,4.7690763,0.07717449,0.5136586,0.11791523,-0.11157553,-0.20577833
C+;So2,4.2317243,4.2976694,4.7051635,4.347034,4.809015,0.30879366,-0.21512505,-0.6556461,-0.010849804,-0.13515216
C-;C1,3.563797,3.7393918,4.208188,4.544182,4.814429,-0.891807,-1.7272195,-0.5862996,0.6128332,0.1659033
C-;C2,3.3866003,3.733604,4.2140903,4.363738,4.553441,-1.1140289,-0.032673873,0.50390625,0.31298137,-0.07993938
C-;C3,3.4072511,3.8061543,4.169252,4.359363,4.8168325,0.9053066,0.31156212,0.11681177,0.34205842,0.055814195
C-;Ca,3.5160167,3.3859577,3.6838808,3.6511993,4.0916533,-0.14957346,-0.5607463,-0.79072607,-0.7361782,-1.6098822
C-;Cac,3.4169168,3.9017694,4.301932,4.4749007,4.6134143,-0.43787268,-1.68972,-0.98966694,-0.11340652,-0.56846327
C-;Car,3.4574285,3.7068672,3.981522,4.359432,5.1456823,-0.13178778,0.2561472,-0.031095793,0.057658885,-0.121551976
C-;Cd,2.9050336,3.1266668,3.38,3.6333334,3.8866668,0.8469088,0.02107476,0.0,0.0,0.0
C-;Co,2.8494117,3.1730077,3.1796536,3.1258628,3.4605749,2.6985195,0.4269729,-0.5359639,-0.8413522,1.1664791
C-;Cu,3.2444491,3.5333333,3.88,4.1024756,4.5733333,0.42631987,0.0016893898,0.0,-0.7449895,-1.2312587
C-;Fe,2.7957044,3.2744203,3.7067642,4.1067805,4.4383335,-0.11428138,-1.5283525,1.2887517,0.76923305,0.10138837
C-;HO,2.2220597,2.970092,3.2500117,3.8178322,4.7007346,-1.1178123,0.20168172,-0.033439588,-0.16520545,0.42520922
C-;Mg,2.5326557,3.276401,3.5555627,3.9335716,4.366667,4.328448,2.695888,-0.7513879,1.8988158,-0.46635407
C-;Mn,2.9332373,3.3533332,3.745,4.136667,4.6167393,-0.08799408,-0.40374115,0.031691555,0.0,-2.0169606
C-;N2,3.3489978,3.7491653,3.872019,4.4614916,4.552348,0.09730796,-0.120690696,0.29742506,-0.23944859,0.6334474
C-;N3,2.9937015,3.5084858,3.8796258,4.235763,4.855079,0.6342244,1.0245782,-0.4097818,-0.92732424,1.039967
C-;N3+,3.1832552,3.6979654,4.122371,4.351925,4.649795,-0.5838186,0.2929068,-0.16720557,0.19381583,-0.64026403
C-;Na,3.6017807,3.8633332,4.065,4.266667,4.454534,-0.21357766,-0.21646234,0.0,0.0,-0.021515362
C-;Nam,3.0863452,3.4232485,3.8726356,4.3952627,4.6205497,-0.2579968,-0.32926223,-0.10020254,-0.11952467,-0.32857352
C-;Nar,3.6813657,3.8478699,4.113617,4.29441,4.568588,1.2684313,0.0100899795,1.3268852,-0.38115358,1.4643972
C-;Ng+,3.3693244,3.447867,3.853732,4.117211,4.774851,-0.10288561,0.37490022,0.23764695,-0.06394736,0.10400644
C-;Ni,2.8782876,2.7844455,2.7889194,2.8545272,3.1448677,-0.848289,-1.3636285,-0.9029353,-0.689045,0.4566266
C-;Npl,3.4756026,3.560041,4.0928497,4.3339615,4.460527,-0.09848978,0.85652995,0.047595926,0.010150059,0.45638147
C-;O.co2,3.0570405,3.7051685,3.7961795,4.375189,4.6103497,1.0690272,1.7940084,0.91680086,0.46472254,-0.21550739
C-;O2,3.0669296,3.709315,3.9540758,4.2624273,4.7048526,1.8198464,-0.285538,-0.50662535,-0.5965413,-0.013180922
C-;O3,2.7355719,3.1101336,3.7686362,4.318785,4.494034,-4.2410955,-0.6235823,-0.40957096,-0.24717022,-0.36796853
C-;S3,3.6680577,3.9883046,4.1790576,4.3999724,4.585215,0.7518624,0.32143456,-1.4445119,-0.93234056,-0.106775805
C-;Zn,2.9143448,2.9900553,3.7925112,4.1209836,4.769298,1.27754,0.0666067,0.71498144,1.6003342,-0.817639
C1;C1,4.684223,5.093509,5.118555,5.0455575,5.1491303,-1.7742213,-2.356414,-2.162947,-2.042744,-1.9708748
C1;C2,3.397502,3.9383492,4.177617,4.3444133,4.6041336,1.038524,-0.3944458,0.056731857,-0.07765755,-0.2138519
C1;C3,3.2424994,3.743424,3.948286,4.2099934,3.8770978,1.8941635,0.0071271574,-0.20086715,-0.105525084,0.12525888
C1;Cac,3.9318306,4.0699935,4.142858,4.428687,4.948112,-1.569189,-0.9887867,0.8147385,-0.09850701,-0.73282427
C1;Car,3.2218406,3.360839,3.6291509,4.33218,4.6783814,1.4821781,0.32218125,-0.124751635,-0.011106412,0.18487906
C1;Cl,4.0020123,4.2695413,4.341459,4.5305805,5.1826334,0.84474075,1.662189,0.10686239,-1.6243197,-0.9509215
C1;F,3.361381,3.407821,3.6113348,4.1729145,4.4337997,0.6950196,0.22851373,-2.7675345,0.11119204,0.56450087
C1;HO,2.4196105,3.1288435,3.4367385,4.079661,4.684695,-1.2210505,0.15326971,-0.5247939,0.43894517,0.36943653
C1;Mn,3.516832,3.5162544,3.194754,3.4698613,3.4577096,-1.1550721,-0.24922626,-0.2876287,0.26442948,0.01849692
C1;N1,4.5111933,4.511533,4.221497,4.591667,4.897328,2.2548478,0.7141236,-1.3199154,-0.7769373,-0.20884581
C1;N2,3.392599,3.7515936,3.969527,4.270346,4.60813,0.31610817,0.8286747,-0.5213649,0.41960028,-0.6937893
C1;N3,3.213348,3.6166666,3.991296,4.3740463,4.330398,-0.4905338,-1.0248113,2.0940108,0.3143604,-0.117386125
C1;N3+,3.4970336,3.8644443,4.0117173,4.4496617,4.6378894,-1.5603235,-0.31309876,-3.0757184,-1.0532306,-0.3611297
C1;Nam,3.0186484,3.4983394,3.886405,4.158207,4.5634365,-0.032074053,-0.6787333,-0.1674149,0.38380304,0.44232154
C1;Nar,3.3679135,3.4441175,3.9953363,4.2183676,4.687002,1.2991965,0.1769186,-0.7618029,-0.41952887,0.69373286
C1;Ng+,3.4305634,3.8957767,4.2206793,4.4703937,4.518358,-0.018954642,-1.046497,-0.44552028,-1.5522609,-0.5741333
C1;Nox,4.80727,4.8143773,4.763223,5.0347066,4.8299117,0.2848235,0.28472066,0.06114042,-0.015430418,0.27425185
C1;Npl,3.3673708,3.628603,3.9247663,4.3773046,4.5405197,1.2403662,-2.6570868,1.6776103,-0.2399373,-1.2733668
C1;Ntr,3.9948554,4.059584,4.318937,4.3998623,4.5139,-1.6559117,-0.9519508,-1.0190877,-0.03603473,-0.29712713
C1;O.co2,3.2169952,3.4631636,3.8409944,4.30004,4.489329,1.1068112,0.5306267,0.47466624,-0.34376916,-0.9705677
C1;O2,2.9949214,3.629068,3.5992582,4.066334,4.465118,1.0224606,0.2281063,0.10383976,0.001668337,-0.12125714
C1;O3,2.9763834,3.2324173,3.66377,3.856581,4.7036233,0.66249466,0.74644786,0.012759401,-0.13053101,-0.2639021
C1;P,3.8451512,4.1720777,4.549533,4.616453,4.764895,-3.1022155,0.386045,0.10899554,-0.3418728,0.7173251
C1;Pac,3.933587,4.080015,4.444226,4.672432,5.169066,-0.7301143,0.23723531,0.61720383,0.043057516,0.2854376
C1;S2,3.392347,3.8173358,4.162899,4.541924,4.632417,-0.88205236,-0.72324383,-3.020269,-0.13510427,0.482282
C1;S3,3.4325244,3.7601323,3.958034,4.2281156,4.667297,1.4768833,2.7346573,2.1502512,2.133397,0.97459656
C1;Sac,3.7366667,3.95118,4.115824,4.4166665,4.626993,-2.255403,0.06917885,0.37504563,0.3323993,0.33289114
C1;So2,4.521685,4.5300255,4.662013,4.828823,5.164691,0.2567551,1.3124604,2.7142255,1.1778547,0.9153269
C2;C2,3.4082615,3.7667825,4.042178,4.2808185,4.6196747,1.1126267,0.35033232,-0.279693,0.1263278,-0.058650292
C2;C3,3.2375262,3.6786783,4.2285194,4.7141438,4.3788996,-0.13551094,-0.143099,-0.07234056,-0.053919826,-0.046374023
C2;Ca,3.5733333,3.7666667,4.0422893,4.26242,4.478152,0.51029587,0.0,0.08089941,-0.07857338,-0.9590771
C2;Cac,3.599084,4.06081,4.2606473,4.47695,5.0954795,0.07041367,-0.22048295,-0.5107295,0.1921801,-0.12946095
C2;Car,3.1933708,3.4962654,4.001772,4.3612156,4.8568263,0.53794724,-0.07366808,0.026499797,-0.016579755,-0.024403343
C2;Cl,3.1295233,3.4386568,3.912191,4.290391,4.8276653,2.784758,0.9248575,0.3923983,0.05961864,-0.07860771
C2;Co,2.8923287,3.2266,3.1853297,2.9437077,3.2474217,-0.3699885,-0.1451422,0.3265284,0.15210651,-0.33815205
C2;Cu,3.0067925,3.4100475,3.555,3.8566666,4.1583333,0.53767616,-0.12182172,-0.25951484,0.030871876,0.0
C2;F,2.9077747,3.6198869,3.7379172,4.2636776,4.447749,-0.39023924,-0.7378347,-0.41156211,-0.013394817,0.261504
C2;Fe,2.9239306,3.3166666,3.720726,4.133333,4.5416665,0.4148308,-1.2677652,-0.034538623,0.6281181,0.0
C2;HO,2.0831919,2.4748993,3.3732684,3.764079,4.730638,0.61787313,0.22774237,-0.16888012,0.002052943,0.05326942
C2;I,3.731884,3.9796815,4.086948,4.424598,5.031961,0.014735372,-0.060896203,-0.20630164,-0.21143962,-0.5236775
C2;Mg,2.8002803,3.331115,3.790708,4.14,4.472631,-0.6052243,-1.3875062,-0.9985397,-0.056004897,0.49668646
C2;Mn,2.753525,3.2968862,3.51,3.86125,4.203321,-1.920847,-1.5157739,-0.6586707,0.818213,0.5513938
C2;N1,3.3245046,3.672149,4.1674433,4.4392395,4.7555842,-0.09629897,-0.3709018,0.01717551,-0.12449212,-0.31092933
C2;N2,3.3768022,3.5001223,4.029163,4.3147507,4.212047,0.4221298,0.25243297,-0.07834964,0.33519128,0.08616242
C2;N3,3.5144718,3.7346644,4.1353335,4.43973,4.591681,0.13287206,0.35441867,0.030056277,0.16758053,-0.40748316
C2;N3+,3.2172453,3.4803345,3.9459283,4.4507656,4.7488875,-0.41958246,1.44032,0.19695272,0.4203778,0.17727928
C2;Na,4.707132,4.703345,4.7127633,4.7229795,4.6601744,0.58931845,0.049874093,0.052785855,0.08179981,0.11906971
C2;Nam,3.3034484,3.6309702,3.8182786,4.4503984,4.744202,0.72270083,0.28602973,0.13992687,-0.0016413702,0.20773323
C2;Nar,3.4617193,3.5390427,4.0353675,4.2657094,4.680178,0.4705599,0.29059085,-0.0010420977,-0.005905289,0.10366651
C2;Ng+,3.274666,3.5953753,3.8343968,4.3038826,4.528933,-1.6512926,-0.41763547,0.20473456,-0.09178092,0.16094509
C2;Ni,2.8020267,2.8090847,3.0843656,3.1209402,2.8190184,0.95992017,0.79367644,0.6977293,0.55122155,-0.28360602
C2;Nox,3.396835,4.006441,4.0200787,4.375133,5.0361633,-0.36276266,-0.20683904,-0.24250998,-0.13315086,-0.27473193
C2;Npl,3.3398774,3.6653328,4.4615574,4.2309933,4.7465405,0.43588063,0.25209403,0.102294184,0.02988781,-0.14277601
C2;Ntr,3.8939521,4.077306,4.2933106,4.5638933,5.1767554,0.500035,-0.06329083,0.8123305,0.28016815,0.28603193
C2;O-,4.295978,4.4957213,4.450467,4.7033334,4.7944465,-0.42445412,0.37480286,0.39460897,0.28045118,0.03401375
C2;O.co2,3.179567,3.499725,3.8460462,4.386766,4.596676,0.3436809,0.25139073,-0.0530947,0.36965072,-0.064736396
C2;O2,2.8619046,3.160047,3.4690754,4.406249,4.556957,-0.8475591,-0.11821309,-0.074152455,0.017311793,-0.03260586
C2;O3,2.8774831,3.3403885,3.9445698,4.0626564,4.693338,0.6862011,0.14454927,-0.022838552,-0.18378909,-0.029587347
C2;P,4.070478,4.1470366,4.3738985,4.5503116,4.8942065,-0.10413326,-0.13127048,-0.5584067,-0.1944839,0.22612475
C2;Pac,3.7695906,3.9345767,4.461858,4.528479,4.672482,2.3279436,-0.631623,0.026215365,0.16411915,-0.35720408
C2;S2,3.4260037,3.7712088,4.169365,4.4124346,4.5960207,-1.3802933,-0.90846014,-0.15818481,-0.4373991,0.17611937
C2;S3,3.1624882,3.61204,4.050879,4.4661083,4.613423,1.3029857,0.7510628,0.16382319,-0.4624955,-0.23156574
C2;Sac,4.0265403,4.2614164,4.4841533,4.5063314,4.917135,-0.32910475,-0.83628476,-0.4970071,0.06479165,0.3694958
C2;So2,3.736334,4.087643,4.235888,4.570205,4.61929,-0.9852087,-0.21301824,0.9496402,-0.28380895,-0.1641923
C2;Sox,4.344222,4.6370254,4.8642397,4.8509665,4.8113847,0.024210704,-0.18316223,0.2069005,0.26406983,-0.14935683
C2;Zn,2.6559958,3.1813803,3.6974845,3.9326634,4.5791435,0.36484614,0.49540636,-1.7475742,-1.1083056,-0.11817968
C3;C3,2.5308409,2.987963,3.4312825,4.0466146,4.6402307,-1.481763,0.42614082,0.097013064,-0.027989902,-0.028536705
C3;Ca,3.2943223,3.592288,3.9240627,4.265129,4.6155624,-0.0005051671,-0.24357425,0.14855649,-0.66412973,0.8630964
C3;Cac,3.3918917,3.6278682,3.890926,4.62636,4.4962544,-0.8382712,0.23366784,-0.11612839,0.08095538,0.08347492
C3;Car,2.9042518,3.0970867,3.6286738,4.024075,4.5822573,-0.7273445,0.109532215,-0.027078224,-0.01731693,-0.028043702
C3;Cd,3.9183333,4.114545,4.336089,4.612034,4.615995,0.13650376,0.952776,0.6574696,0.35865438,0.2758216
C3;Cl,2.6326153,3.3196275,3.7361088,4.1332107,4.6516023,-1.5272883,0.9438511,0.1810494,-0.08350564,0.07000585
C3;Co,3.0950725,3.53,3.8733604,4.174262,4.5954146,0.95793855,1.3443117,-0.34858242,0.12297226,0.56118697
C3;Cu,2.9797285,3.3735297,3.7482378,3.986216,4.6374025,0.18198553,0.3310661,-0.61211056,0.73459154,0.25660488
C3;F,3.2657812,3.4374876,3.8147764,4.166312,4.3128304,0.25179455,-0.24355315,0.04279041,-0.1593913,0.09154205
C3;Fe,3.475,3.76,4.077778,4.3332243,4.5276203,0.62832326,0.0,0.33093962,-1.0710704,-0.47505865
C3;HO,2.194358,2.8130155,3.3938556,4.2373934,4.3818088,1.2784134,0.105987035,0.06285809,0.014325912,0.09775011
C3;Hg,5.114141,4.7804275,5.135705,4.7876554,5.114108,2.674197,-0.09990612,0.11172573,-0.11477206,0.13151243
C3;I,3.4924629,4.00284,4.317065,4.4495125,4.653194,-0.0030597057,0.34132218,0.5081812,0.3028396,-0.017742503
C3;Mg,3.0676231,3.3746896,3.5399692,4.2057195,4.6225195,-0.55687296,-0.8906317,-0.07464609,0.43276474,-0.40608963
C3;Mn,2.8771102,3.7048771,3.700801,4.262344,4.753442,0.3353944,0.04604389,0.02303621,0.91395116,0.24571253
C3;N1,3.1690223,3.446586,3.843911,4.267912,4.547389,0.01318777,0.59623843,0.46273628,0.040128756,-0.12331653
C3;N2,2.919435,3.4765034,3.607147,4.182895,4.4276624,-0.7194416,-0.0015834392,-0.16920175,0.015660238,0.13949029
C3;N3,2.9548478,3.5950763,3.868157,4.249961,4.544489,-2.1235342,-0.063549414,0.14191584,0.33431694,-0.026851917
C3;N3+,2.864064,3.4562252,3.7976446,4.1902847,4.538333,0.98693067,0.14844374,-0.15459616,-0.021145433,0.24776295
C3;Na,3.2962892,3.8329968,4.1115055,4.404666,4.685432,0.12870753,-0.27704412,0.71537924,0.31769696,-0.5969104
C3;Nam,2.5772877,3.3725424,3.8557014,4.105292,4.7236395,-2.8818758,-0.10272683,0.07040388,-0.03435665,0.11447844
C3;Nar,3.0857084,3.4016187,3.9049108,4.1533623,4.5754337,0.650152,-0.20526424,-0.08207374,0.09625426,0.015992349
C3;Ng+,3.1643913,3.422624,3.7650473,4.2656264,4.451059,-0.6103442,0.383295,0.043776996,-0.1406082,0.16561094
C3;Ni,3.1116667,3.5708473,3.815,4.2597213,4.7047343,-0.85614026,-0.7950413,-0.6334321,-0.7689281,-0.64336914
C3;Nox,3.4453297,3.7005765,3.9685767,4.338645,4.455006,-0.034867734,-0.061418172,0.24255985,0.032068927,0.32839757
C3;Npl,3.2313876,3.4852474,3.8446653,4.0495715,4.927874,0.33204085,-0.16301449,0.16557227,-0.20766304,0.027207002
C3;Ntr,3.2807307,3.7001598,4.135075,4.380119,4.905973,1.2123861,0.3978695,0.27032146,-0.03259271,-0.32172307
C3;O-,3.61,3.8160625,4.125422,4.333322,4.655552,-0.42439222,0.0316693,-0.049000114,-0.2706364,-2.090475
C3;O.co2,2.7513309,3.1172223,3.7521472,4.375786,4.793505,0.35077596,0.19623303,0.056949552,-0.07887261,0.008540768
C3;O2,2.904125,3.2313416,3.355093,4.6025934,4.527117,0.14230621,-0.029877208,0.0092583,-0.0032680926,-0.041001868
C3;O3,2.889124,3.1416795,3.552095,3.934391,4.4423385,0.43341663,0.12365902,-0.023838481,0.004612273,0.06449933
C3;P,3.3203351,3.9013705,3.9989297,4.3043838,4.6136613,-0.12538801,-0.6921342,-0.564295,-0.16678096,0.11077015
C3;Pac,3.422602,3.7101035,4.3307524,4.4620547,4.732068,1.4937906,-0.27038568,0.036963943,0.048566047,0.33086416
C3;S2,3.2209194,3.7339618,4.0675426,4.336778,4.8497276,2.2529242,0.21772948,-0.08778155,0.2647103,-0.06468359
C3;S3,2.7978897,3.1468253,3.7686937,4.1249866,4.471578,0.07986025,0.44190702,0.1491683,-0.2229261,-0.14047737
C3;Sac,3.6083333,4.016767,4.2153835,4.50422,5.1903315,-0.10355327,-0.3317191,-0.26613316,0.03777544,0.4047038
C3;So2,3.3414671,3.6501813,4.0748057,4.231924,4.7967005,3.894342,-0.39732054,0.059456654,-0.29368854,-0.06778999
C3;Sox,3.6816666,3.8946426,4.165627,4.343803,4.745752,-0.06861864,0.2690549,0.061008178,-0.0299532,-0.37516913
C3;Zn,2.915382,3.5431294,4.0224395,4.2059746,5.0233736,-1.2255082,-0.321482,-0.09029642,-0.31581852,-0.16479589
Ca;Car,4.126285,4.48199,4.495,4.6633334,4.8316665,-1.4375463,2.6971207,1.5400674,0.0,0.0
Ca;HO,2.2396443,2.844627,3.0918014,3.8149157,4.4083333,-0.91532904,1.1779628,-0.80380267,-0.24187051,-0.5587616
Ca;N2,4.136539,4.1421895,4.1459455,4.1348395,4.300119,-1.1179543,-2.0652447,-2.4237964,-2.44748,-2.559279
Ca;N3,3.9322124,4.05,4.25,4.45,4.65,-0.6819165,-0.68267155,0.0,0.0,0.0
Ca;N3+,3.175,3.51,3.9698234,4.422849,4.650323,0.7855887,0.0,-1.0391226,-1.0660722,-2.500122
Ca;Nam,4.730969,4.731208,4.730951,4.7355056,5.08984,3.9965956,1.7925943,0.63526624,-0.6518999,-2.7248878
Ca;Nar,4.535667,4.623915,4.6401587,4.728761,4.6663218,-0.5206948,0.22633582,1.5124016,1.6717689,0.683697
Ca;O2,2.455716,2.7420552,3.326428,3.7502568,4.6017165,0.6196875,0.2895432,-0.17299107,0.41904876,-0.31107968
Ca;O3,2.5028985,3.0447588,3.655,4.327077,4.4498343,-0.44707823,0.13751532,1.99366,-0.53140956,-0.81081957
Ca;P,3.3632712,3.6294017,3.624853,3.577112,3.8319838,0.8753599,0.5288599,0.77636945,1.0987269,0.7441527
Ca;Pac,3.0288713,3.605607,3.6845744,4.0466666,4.338333,1.7183977,0.6436494,0.37093395,0.123086765,0.0
Cac;Car,3.5944242,3.8048034,3.8966737,4.4539576,4.5689015,-0.042625863,-0.15017746,0.028881697,0.17787668,0.25278956
Cac;Cl,3.3723984,3.8322384,3.996237,4.572699,4.713,1.3459139,0.32625195,1.7774632,-1.244397,0.7964903
Cac;F,3.3875325,3.616833,4.1771145,4.366221,4.5024195,0.69433206,-0.5558403,-0.011672554,-1.1461881,0.628163
Cac;HO,2.3994458,2.9258573,3.5207686,3.747519,4.9199424,0.2168453,-0.11621576,0.016029092,0.8893552,0.3381004
Cac;I,4.168172,4.346446,4.6391807,4.67,4.91887,-0.40785027,-0.12826134,0.21657693,-0.24112253,0.17329492
Cac;N1,3.7956386,3.8769145,4.376769,4.5674086,4.7062798,1.3044255,-1.0964435,-1.1837873,0.2725297,-0.7808263
Cac;N2,3.0149136,3.5303965,3.7264123,4.382276,4.5829744,-1.0348375,-0.4298841,-0.5455252,-0.8289649,0.15191779
Cac;N3,3.5256689,4.0267606,4.262586,4.3965516,4.757986,-4.0115356,-0.76569396,-0.14211947,-1.2113712,1.0021867
Cac;N3+,3.204489,3.9200134,4.0557985,4.4631333,4.8770914,-0.19346891,-0.46007714,-0.93343055,-0.38661948,-0.16437463
Cac;Nam,3.6064758,3.8439064,4.046664,4.1952395,4.559558,0.095895536,0.37315324,0.008072013,-0.67935693,-0.23306493
Cac;Nar,3.2946913,3.5794582,3.8220356,4.3146067,4.5156245,0.26816696,-0.11440402,-0.41775888,0.17177337,0.32033768
Cac;Ng+,4.583129,4.5426292,4.497002,4.5305915,4.4969783,-0.31214786,0.08355625,-0.028514331,0.058873992,-0.041798536
Cac;Nox,3.2030337,3.390465,3.5166779,3.3931034,3.5048103,-0.57915056,-0.6773604,-0.51461625,-0.3210697,-0.031418096
Cac;Npl,3.4466884,3.6324468,3.849751,4.56881,4.5134563,0.41038916,-0.47309223,-0.020471483,-0.7216285,-0.5184923
Cac;Ntr,4.0149755,4.365516,4.423238,4.788241,4.6105127,0.498535,1.3147994,-0.13876341,-0.8656743,-0.040587522
Cac;O2,3.0707827,3.4541676,3.811635,4.0873156,4.535858,-0.81429595,-0.11459697,-0.32626057,-0.09217472,0.31436333
Cac;O3,3.1010187,3.4009433,3.803269,4.21377,4.681935,-1.231881,-0.83129364,-0.66820073,-0.4832102,-0.16139632
Cac;P,4.0134506,4.228222,4.446868,4.7492156,4.854683,1.8553411,-0.42236823,-0.023075493,0.033123467,0.4569438
Cac;Pac,3.9351254,4.1916556,4.3309755,4.446315,4.6729236,1.4042695,0.3289318,0.6627407,1.2359798,0.54877824
Cac;S2,3.4845676,3.8477104,3.8898737,4.3612485,4.5038505,-2.7848437,1.3880085,0.99367905,2.345903,0.6693223
Cac;S3,3.4280229,3.7985444,3.9464097,4.3376055,4.613102,-2.4871745,1.0991219,0.2896717,0.20358464,1.1760153
Cac;Sac,4.1881614,4.30818,4.3421717,4.3441296,4.750698,1.3316413,1.1024387,-0.08486056,-0.16664763,-0.5917085
Cac;So2,3.9412606,4.1106677,4.3897734,4.64139,5.122805,0.77105826,0.093790114,-0.74350035,-0.27218407,-1.7622453
Cac;Sox,4.636613,4.6582913,4.6567245,4.684079,4.6595955,-0.4199165,0.0413306,0.0045749634,-0.013091458,0.038679205
Car;Car,3.0035605,3.3436894,3.636483,4.1465425,4.56439,-0.17062485,-0.063544035,0.008268007,0.0065057776,-0.042379905
Car;Cd,4.0764413,4.1438766,4.2927036,4.314733,4.30558,0.8047808,0.4363389,0.5351646,0.0009981947,0.03571865
Car;Cl,3.2055974,3.653251,3.710019,4.3304367,4.678686,-1.5393472,-0.055892807,0.22552216,0.06918012,-0.22125214
Car;Co,3.2155974,3.4223688,3.8056307,3.9366667,4.3107567,0.30726665,0.30160806,0.13869688,0.2952703,0.10468895
Car;Cu,3.1885016,3.2940204,3.831183,4.1239448,4.4336805,-0.09783097,-0.19724238,-0.46093455,0.023349874,-0.20247096
Car;F,3.2423902,3.3556793,4.10565,4.3031664,4.739209,0.092219144,-0.4086789,-0.03275693,-0.2789451,0.16891557
Car;Fe,3.24074,3.2366157,4.0031075,4.1499796,4.496842,0.40248746,0.7264576,1.2562203,-0.33090135,-0.9332874
Car;HO,2.489765,2.7764056,3.5463417,4.153314,4.310381,0.3624726,0.10094572,-0.19252321,0.05915648,-0.053776912
Car;I,3.425,3.8434355,4.029599,4.2278223,4.6054206,2.0396526,0.6836,0.287486,-0.10626594,0.021010369
Car;K,3.9589987,3.683705,4.115,4.3624177,4.592967,-0.17125234,0.084781006,-0.21498033,-0.2234024,-0.16408354
Car;Mg,2.9783397,3.519818,3.7901714,4.2515707,4.506981,0.26077846,0.86074203,0.15788446,0.5826171,0.89834064
Car;Mn,3.0796983,3.55,3.979657,4.106106,4.725796,-0.4737146,0.07300834,-0.6839618,-0.6511005,0.3518384
Car;N1,3.3764791,3.6366944,4.080862,4.210378,5.1753497,0.3371081,-0.067678645,-0.71974826,-0.40168384,-0.24144745
Car;N2,3.1559618,3.411652,3.805058,4.242697,4.758604,0.8967595,-0.10795855,-0.10081863,0.080779724,-0.009361417
Car;N3,3.363288,3.8214214,4.0291176,4.419308,4.489763,0.5495651,0.03258353,-0.59134454,0.2568436,-0.11516893
Car;N3+,3.008866,3.5618505,3.746287,4.5521626,4.5860276,1.7727869,0.014204585,-0.30773866,0.058557604,0.27770376
Car;Na,4.4689755,4.469394,4.52555,4.47221,4.6416254,0.67009324,0.57333124,0.44889826,0.4775342,0.39046136
Car;Nam,2.5904663,3.2830172,3.5566413,3.8692226,4.761635,0.526236,0.12578475,-0.096640356,0.105022475,0.035063133
Car;Nar,3.084844,3.4125767,3.8687372,4.2990417,4.6365623,-0.31082413,0.4220684,0.02398081,-0.05836481,-0.0014400128
Car;Ng+,2.8309999,3.246947,4.1171227,4.2156606,4.5253944,0.57033527,-0.28543955,-0.0028050183,0.22960077,0.0035681445
Car;Ni,3.2696862,3.4333334,3.62,3.8066666,3.9933333,-0.85598063,-0.060957663,0.0,0.0,0.0
Car;Nox,3.5626073,3.8608003,4.058143,4.3424253,4.747477,-0.39583132,-1.150571,-0.5164799,0.3960623,0.30088094
Car;Npl,3.3497703,3.565629,4.1097603,4.276022,4.468819,0.62031406,-0.09832208,-0.035217024,0.07267657,0.13231896
Car;Ntr,3.3915975,3.7996686,4.421342,4.453892,4.598338,-0.46000916,0.12136839,0.2618389,0.37368408,0.46332338
Car;O-,4.066761,4.2833343,4.4311547,4.5059466,4.8256397,0.57959956,-0.005665366,0.0041708164,0.37595117,0.37129238
Car;O.co2,3.0407186,3.4742713,4.0468245,4.222729,4.519223,0.21992466,-0.10714248,0.08676741,-0.06110181,-0.11384849
Car;O2,2.8515136,3.3616261,3.5407891,3.8561494,5.1427402,-0.047689147,0.09346927,0.012148664,-0.0017410155,0.037358318
Car;O3,2.9512737,3.5056279,3.3452623,4.1618824,4.4845133,-0.19556831,0.12622909,-0.035055827,-0.012532811,0.17903654
Car;P,3.5816667,3.8557875,4.159816,4.4495664,4.789525,2.1817617,0.25263244,1.4911593,-0.60064435,-0.006341123
Car;Pac,3.5388384,3.9107656,3.950076,4.5308623,4.8948913,1.8632742,-1.0621865,0.1477861,0.39254013,-0.6371007
Car;S2,3.6954916,3.8280745,4.612295,4.351408,4.5395584,0.16438991,-0.15944262,0.005217804,0.04999656,-0.3972568
Car;S3,3.4043498,3.6580215,4.113916,4.5512834,4.7172713,-0.33280215,0.2495116,-0.017236698,-0.0066533936,-0.18567406
Car;Sac,4.0529194,4.2649403,4.45086,4.5604706,4.8704715,0.9948592,1.3351343,0.4222447,-0.56237257,-0.13807406
Car;So2,3.9686227,3.9660656,4.2386603,4.4573054,4.7840934,-0.4314235,-0.16304189,0.39984807,-0.24875364,-0.29178506
Car;Sox,3.7844636,3.9029546,4.2042184,4.387502,4.861183,0.6021647,0.065788805,0.2185792,0.21130353,0.13615644
Car;Zn,2.7562335,3.1702833,3.5804741,3.8846247,4.651984,-0.13519272,-1.1718243,-0.99720323,0.18402642,0.114892825
Cd;HO,2.497184,2.5541523,2.5191529,2.5660815,2.3063686,0.07597203,0.018675452,-0.094395116,-0.036556352,0.078188755
Cd;N3+,4.1944966,4.293328,4.3594084,4.4485373,4.5040927,0.1371266,-0.02412112,0.064061455,0.108228594,0.1237353
Cd;Nam,4.617577,4.6267443,4.6942124,4.754297,4.977469,0.47354963,0.492344,0.6096914,0.5718527,0.5995353
Cd;Nar,4.670748,4.740869,4.742308,4.763067,4.63307,0.11282982,0.34520993,0.39885005,0.41925326,0.39664254
Cd;O2,2.353237,2.5192678,2.815,3.0433333,3.2716668,0.84232694,0.6505032,0.80986553,0.02510965,0.0
Cd;O3,2.9783332,3.3266666,3.675,4.0233335,4.3716664,0.13650376,0.0,0.0,0.0,0.0
Cl;Fe,5.059919,4.7236176,5.0592947,5.0647717,4.685033,1.033223,-0.3118997,0.29928318,-0.029801203,-0.3253267
Cl;HO,2.3986535,3.2563963,3.440827,4.075009,5.1531925,2.1299627,-0.22330198,-0.5113826,0.46654844,-0.2576311
Cl;N2,3.3376212,3.6574085,4.1403427,4.4320107,4.775501,-2.6036947,-1.3780036,0.3800707,-2.4009218,-0.6558193
Cl;N3+,3.687722,3.7963772,4.324406,4.6664953,4.8974066,-0.30157068,-0.51602226,1.234043,1.5503794,-1.5937147
Cl;Nam,3.0990613,3.5361793,3.983864,4.4176493,4.9426923,-0.22159407,-0.4799688,-0.1412074,-0.38008586,-0.2056295
Cl;Nar,3.651257,3.8217437,4.2634764,4.4890685,4.6433053,0.008808333,-1.2438421,0.12568967,0.15243173,1.0373687
Cl;Ng+,2.891652,3.6446526,3.8652961,4.330701,4.818048,-1.5621281,-0.09155191,0.580498,0.4451735,-0.6441142
Cl;Npl,4.1157393,4.2433333,4.41,4.576667,4.7439804,1.2307475,0.25916663,0.0,0.0,0.034847036
Cl;O.co2,3.5365317,3.819136,4.0529876,4.196499,4.8460317,-0.10868016,0.4135735,0.73747194,-0.39721185,0.35553926
Cl;O2,2.637443,3.088748,3.6747558,4.1132755,4.373935,-2.3694706,-0.7429281,-0.038595207,-0.4949591,-0.30278
Cl;O3,2.7546175,3.4651833,3.9469273,4.188186,4.474697,-0.1972604,0.5420162,-0.17552623,0.3260008,-0.38163105
Cl;S3,3.6120515,3.8414648,4.340994,4.2813163,4.913252,0.59373647,-1.6715546,0.51109225,-0.07188956,-0.7438272
Cl;Zn,4.431141,4.433262,4.096179,4.0936937,4.447448,-0.63465095,0.22946604,0.58047616,-0.099309295,-0.6182841
Co;HO,2.125,2.67,3.3761406,3.76,4.305,-0.67914623,0.0,-1.1948578,-0.28220376,0.0
Co;N3+,2.3121927,2.8233333,3.16,3.4966667,3.74759,0.26233333,-0.38998702,0.0,0.0,0.5020575
Co;Nam,3.3266666,3.5233333,3.72,3.9166667,4.078686,-3.194589,0.0,0.0,0.0,-0.06379066
Co;Nar,2.41,2.75,3.09,3.43,3.77,0.30058447,0.0,0.0,0.0,0.0
Co;O2,2.3663588,2.9490044,3.27,3.6236722,4.3090353,0.7485172,0.020722542,0.87127364,0.37750256,0.4069473
Co;O3,2.6033332,3.0666666,3.5619135,3.9933333,4.4566665,-1.2041997,0.0,-0.099180505,-0.36504674,0.0
Co;Pac,2.7387626,2.9757528,2.8855145,3.0201428,3.1176488,0.15110454,-0.17068128,-0.107762575,0.020144125,-0.39308175
Co;S2,4.758223,4.609597,4.7143703,4.78376,4.7826657,0.14680919,0.071757786,0.013989414,0.1478707,0.009234743
Cu;HO,1.5183333,1.9310215,2.1909885,2.3533332,2.8264341,-0.6491554,0.7587273,0.48798007,0.1257581,-0.43454725
Cu;N2,2.0462215,2.0554557,2.2264206,2.2326643,2.2416737,0.04148471,-0.15338868,-0.17102028,-0.19444257,-0.08252505
Cu;N3+,2.690822,2.6478038,2.4589343,2.347639,2.4563386,0.60079044,0.13031216,-0.2319354,-0.12809832,0.033249684
Cu;Nam,4.115711,4.1337304,4.0037007,3.9798534,4.1966743,0.75740975,0.0722633,-0.047414266,0.016583875,0.063779384
Cu;O2,2.2696757,2.9466667,3.44,3.9621902,4.4932437,1.0864921,0.7678671,0.0,-0.5790355,-0.20210935
Cu;O3,2.2915027,2.7933333,3.32,3.8466666,4.3733335,-0.23448403,-0.089890175,-1.3034374,0.0,0.0
F;Fe,4.309142,4.3752866,4.0019,4.370752,3.986628,-2.9083397,-0.21964793,0.3071014,-0.30556133,0.3038524
F;HO,2.3779473,2.7919774,3.3162618,3.8908503,4.644821,-1.117935,-0.103921816,-0.71211165,0.058387265,0.33847648
F;N2,3.2170417,3.4471884,3.854595,4.490016,4.45187,0.3572606,-0.5024293,0.9642744,-0.510143,-0.14702909
F;N3,3.3493004,3.3168716,3.8074577,4.1166897,4.2687416,-1.2163154,-0.22588533,-0.32700837,-0.16850574,1.0781969
F;N3+,3.3511753,3.8069096,3.9376216,4.4114113,4.6381216,0.09664339,-0.49950722,0.88577676,-0.081404425,-0.767305
F;Nam,3.2307072,3.4147077,3.931572,4.19867,4.4136667,-0.008464582,-0.4052914,0.0001358672,0.19183752,-0.2258307
F;Nar,3.4627113,3.7008405,3.8542094,4.534505,4.5328755,0.07555854,2.245531,0.61003625,0.9045047,0.63680506
F;Ng+,3.0586395,3.4357722,3.734872,4.1226354,4.8501687,0.5495502,-0.6177008,0.24991126,-0.03459511,-0.52697015
F;Npl,3.36276,3.7833333,4.1169534,4.2998495,4.655276,1.9118353,-2.693288,0.047876116,1.0216328,-0.3144616
F;O.co2,2.774192,3.4397578,3.6419833,4.292263,4.2166224,0.829463,0.04237859,-0.9585467,0.6297882,-0.23350805
F;O2,2.707706,3.0324376,3.805347,4.1065383,4.496927,0.44040602,0.25737694,0.47512975,0.10232839,-0.24921589
F;O3,2.7289035,3.1679134,3.7516086,3.9581213,4.4706416,2.478813,1.1841733,0.28903753,-0.2354066,-0.38367176
F;S3,3.305487,3.5250947,3.9856937,4.2136745,4.8197737,1.396135,-0.38492516,-0.24096324,0.794745,0.5102932
F;Zn,3.043955,3.232837,4.041159,4.108125,4.312606,1.3905399,-0.005041035,0.37994853,0.45561805,-0.3660974
Fe;HO,1.3740889,2.151899,2.6146326,2.613496,3.4133334,-0.624889,0.28788668,-1.0011249,0.5975589,1.9065734
Fe;N3,4.6547713,4.3115425,4.687564,4.305401,4.625328,1.4597511,-0.1902256,0.32491082,-0.33938316,0.21741839
Fe;N3+,2.5683334,2.9966667,3.425,3.8533332,4.2816668,0.62830204,0.0,0.0,0.0,0.0
Fe;Nam,3.03,3.38,3.73,3.939913,4.42019,0.51784587,0.062325433,0.0,1.6958386,2.96962
Fe;Nar,2.8535383,3.33,3.645,3.96,4.4210944,-1.1858652,-0.748968,0.0,0.0,1.3410317
Fe;Npl,4.94124,4.8618913,4.9249053,4.8710904,4.8059893,1.9575357,0.083192095,0.06795258,-0.123202875,-0.071312636
Fe;O2,2.2674742,2.8533332,3.3524766,3.9801483,4.239904,-0.49516362,-1.4013746,0.7344881,0.08379047,-0.09855819
Fe;O3,2.0217352,2.66,3.135,3.61,4.085,-0.08777861,-1.0606643,0.0,0.0,0.0
HO;HO,1.5514896,2.1423123,2.9574003,3.6822307,4.6332774,-0.3353174,0.16711123,-0.3213917,-0.43533492,0.14862303
HO;I,3.3533082,3.539982,3.6827705,4.0997586,4.257033,0.23131348,0.09178593,-0.033319846,-0.35036454,-0.44907054
HO;Mg,2.0353167,2.6165688,2.8008409,3.883367,4.0909705,-0.6665948,0.09867819,-0.5844021,-1.50984,0.4161755
HO;Mn,1.5788974,2.461303,3.0026913,3.6366668,3.9908695,-0.71615654,-0.65667576,-0.8523738,0.5147509,-0.022376284
HO;N1,2.6888862,2.9719875,3.4212506,3.9767346,4.421155,0.95946544,-0.4108713,0.46361002,-0.51525307,0.36676407
HO;N2,2.0046113,2.6253006,3.1350298,4.089522,4.2459908,-0.46294123,-0.71369606,-0.32311034,-0.5148029,0.19299416
HO;N3,2.5944657,3.0017266,3.4407988,4.0767293,4.355966,0.20450051,-0.22138453,-0.07005065,0.8097399,-0.5041545
HO;N3+,2.2806394,2.760619,3.5357893,3.7102597,4.6185374,-0.5682742,0.747038,0.0976722,-0.36665088,0.18567935
HO;Na,2.4133334,3.0119317,3.176708,3.6475966,4.306667,-0.9002836,1.0281228,-0.049526118,-0.6710111,-0.4676501
HO;Nam,2.1264517,2.7147021,2.971779,3.9962652,4.411515,0.6657164,0.15390292,0.3683143,0.07342815,-0.17593883
HO;Nar,1.9438908,3.0213852,3.1884997,3.6597712,4.690486,0.032010157,-0.13363831,0.15279782,-0.067320235,0.089144945
HO;Ng+,2.154534,2.7822561,3.5164921,3.9926775,4.2700157,-0.33308995,-0.70417297,-0.10853324,0.13334195,0.37942728
HO;Ni,2.03,2.6117003,3.1728346,3.68,4.23,1.8385795,-3.2664323,-1.199504,-0.09638263,0.0
HO;Nox,3.4975376,3.946833,4.0399594,4.627804,4.7649064,2.2590983,-0.4040266,-0.1307959,-0.3224118,0.07334866
HO;Npl,2.6132436,2.78257,3.0437605,3.7904809,4.614115,-0.35604367,0.5382137,-0.5669669,-0.13917135,0.25522426
HO;Ntr,2.5330954,2.718867,3.4582868,3.8673418,4.2717743,0.6117088,-0.11953622,0.7142639,-1.1252131,-0.19033083
HO;O-,3.8166666,4.0233335,4.23,4.4366665,4.5276766,0.581125,0.0,0.0,0.0,-0.9611514
HO;O.co2,2.065037,2.604487,3.3274262,3.8632267,4.3413963,0.5911336,0.36268064,-0.011741086,-0.16688037,-0.24873194
HO;O2,1.9076588,2.445313,2.7681227,3.7758412,4.1975117,-0.06596461,0.30202934,-0.06835754,0.13651158,0.002881389
HO;O3,1.8808455,2.349932,3.0908794,3.7297432,4.336238,0.0025350275,-0.18916811,0.18577918,0.14217356,-0.03209525
HO;P,3.0765097,3.5901487,3.8227084,4.469321,4.4695625,0.44446242,0.019628823,-0.67502093,-0.49230805,-0.45412812
HO;Pac,2.5127149,3.0749998,3.6459525,3.974452,4.689976,-0.21198884,-0.58775437,-0.0976462,1.896714,-0.8684643
HO;S2,2.5792568,3.296461,3.7230282,4.0683556,4.497022,-0.28058085,0.34027252,-0.4741397,0.44181165,-0.72363377
HO;S3,2.2488194,2.7036133,3.4054787,3.7884545,4.4405646,1.3558425,0.5929294,0.70031047,0.099656165,0.2179805
HO;Sac,3.0247865,3.7105827,3.875,4.2098765,4.8889155,-0.73903054,-1.3780497,-1.2693393,-0.061261415,-1.3733382
HO;So2,2.659362,3.1762607,3.4243467,4.0593977,4.610469,0.81459194,0.119607285,2.2285316,-0.60055304,-0.41731292
HO;Sox,3.2786856,3.68,3.955,4.23,4.505,0.0974637,0.27839372,0.0,0.0,0.0
HO;Zn,1.6879134,2.2386532,2.8777359,3.6859856,4.159947,0.57089114,-0.5366409,0.778366,0.12100026,-0.85140204
I;N3+,3.347556,3.336152,3.4501069,3.4750342,3.4756763,-1.1090251,-0.23835324,0.019518692,-0.113743626,-0.056213863
I;Nam,3.8378613,4.200844,4.2208996,4.4607377,4.7521687,0.02281469,-0.20688577,-0.11998272,-0.15723412,-0.43363234
I;Ng+,4.073924,4.284395,4.5473304,4.7766953,4.950867,0.07479576,-0.2604661,0.07918121,0.25223076,0.3284398
I;O.co2,4.155281,4.378754,4.483099,4.4838133,4.677177,-0.95022225,0.051982958,0.4300179,0.18116482,0.11090456
I;O2,3.3497052,3.4768422,3.9976277,4.2641344,4.6132956,-0.22550566,0.14258134,0.26072896,-0.24102712,-0.6501294
I;O3,3.1016667,3.4633334,3.871816,4.2618947,4.501522,0.23021162,0.0,-0.8263324,-0.2557898,-0.07019345
I;S3,3.8146503,4.3209596,4.3503475,4.5558596,4.9431,2.0251982,0.21980079,0.050127223,-0.18494488,-0.10788074
K;N3+,4.969351,5.0275617,4.781571,5.0231423,4.946345,-0.4971895,-0.19271672,0.19332127,-0.1474226,-0.01057449
K;Nar,3.225,3.49,3.755,4.02,4.285,-0.15762441,0.0,0.0,0.0,0.0
K;O2,4.247091,4.566855,4.4733152,4.4883876,4.4385777,0.17333592,-0.32350555,-0.082024984,-0.025032328,-0.3224574
Mg;N2,2.763719,2.7777002,2.995791,2.7851636,2.9552448,0.30507505,0.36603236,0.29360127,0.40369302,0.309078
Mg;N3,3.5400124,3.8389628,4.194228,4.383333,4.727422,0.12757657,-3.298239,1.6955458,0.24741887,1.6999471
Mg;N3+,4.6039686,4.557686,4.5554056,4.7659426,4.770008,-0.07130365,0.35476848,0.3173047,-0.72459364,-1.1087587
Mg;Nam,3.0162816,3.4033334,3.755,3.9481437,4.475011,1.7914108,-0.49115634,0.0,-0.5118075,-1.0958946
Mg;Nar,3.835,3.9302251,4.157399,4.396065,4.516247,-1.4803492,0.4769852,-1.7298546,-2.15286,-1.5935508
Mg;Npl,3.9197164,4.1499357,4.746118,4.779811,4.7766666,0.61059386,0.24631344,1.236354,0.60407233,-0.11879771
Mg;O2,1.9125463,2.8579245,3.0669844,3.6179805,4.3562493,0.20607789,0.4384713,-0.22582215,-0.7050759,-0.4528713
Mg;O3,2.3664098,2.883891,3.644284,3.9968858,4.5637784,-0.32367462,0.24850641,0.8885383,0.34091997,1.0002543
Mg;P,3.261849,3.8300626,4.079632,4.38474,5.116716,-0.15449835,0.14804064,1.7765154,-0.29786575,-1.0850669
Mg;Pac,3.0779743,3.2719994,3.691254,3.9470356,4.7603,-1.527049,-0.0033313567,-0.042106822,-2.0735981,1.3706621
Mg;S2,4.526069,4.5250196,4.2253613,4.226945,4.5447693,-0.28881538,-0.10015341,0.21868123,-0.0603418,-0.2208773
Mg;S3,4.4637957,4.45157,4.505,4.9966908,4.5872707,-3.520276,-2.0167708,-0.60359675,-0.49630272,1.1525168
Mg;Sac,3.3839045,3.5167089,3.4674447,3.858401,3.932474,0.36834568,-0.8781772,-0.36274713,-0.6014036,-0.08463358
Mn;N1,2.3973212,2.324119,2.0401945,2.1154635,2.0986722,-1.3119632,0.0011487383,-0.05067788,0.10207102,0.04477701
Mn;N2,3.2383332,3.5477552,3.875,4.266689,4.4101686,0.19112065,-0.61139274,0.21154076,0.031833444,-0.10205721
Mn;N3,3.6060169,3.9077127,4.095,4.34,4.585,3.3151464,-1.904641,-0.6162105,0.0,0.0
Mn;N3+,2.9283333,3.2966666,3.6509454,3.9539056,4.4314795,0.8414493,0.0,-0.045203257,-0.47605002,1.1357796
Mn;Nam,3.26,3.58,3.9,4.22,4.500378,0.30699822,0.0,0.0,0.0,0.013016245
Mn;Nar,2.6433334,3.0858026,3.5997488,3.959816,4.1725087,0.15015467,0.028737165,1.1609071,2.5843847,-0.2588859
Mn;Ng+,3.4665961,3.6407492,3.9,4.19,4.6049943,-0.8957409,-0.8821528,-0.085365996,0.0,-0.38569763
Mn;Nox,2.5596552,2.809015,2.8160856,2.8221667,3.187765,0.18449157,0.17316891,0.0672668,0.086410895,-0.09134675
Mn;Npl,2.6484241,3.0161083,3.34,3.67,4.0,2.6735635,2.6714542,0.052073818,0.0,0.0
Mn;Ntr,2.8447578,2.844816,2.9,2.9784632,2.9734855,-0.53491306,-0.11441119,-0.05534651,0.04535208,-0.015272102
Mn;O2,2.385873,2.8633332,3.4261506,3.969569,4.548439,-0.30695763,-0.071257025,-1.6058849,-0.5426921,0.8390484
Mn;O3,2.5312238,2.8933334,3.4307885,3.845021,4.4204526,-1.00746,0.050368186,-0.263048,-0.23183383,0.545991
Mn;P,3.169053,3.924337,3.982386,4.2766666,4.5633335,1.20573,1.2828064,1.2337584,0.0151989935,0.0
Mn;Pac,3.2493672,3.1085465,3.3017838,3.4636612,3.7532177,0.4273694,-0.023537949,0.26305822,0.6216235,-0.56487525
N1;N2,3.324607,3.5147116,3.8096128,4.17496,4.2081413,2.4637756,0.3910522,0.7633076,0.6882318,-0.33721963
N1;N3,3.369825,3.3037298,3.320557,3.326868,3.3536224,-1.8922057,-1.6301359,-0.4910662,-0.45477718,-0.8451161
N1;N3+,3.935874,3.9378357,4.095131,4.168648,4.1924,1.5340937,0.7530574,-0.041979957,0.66426784,0.45879734
N1;Nam,3.1239054,3.4351947,3.6202755,4.1995764,4.615976,-0.3489225,-0.1320472,-0.91528183,-0.67819625,-0.20996726
N1;Nar,3.4275334,3.57,3.9,4.23,4.576519,0.88665885,1.3026876,0.0,0.0,0.09550819
N1;Ng+,3.1711683,3.6042693,3.8944201,4.5034337,4.6222687,-0.6235896,-1.5621817,0.6063911,-0.63925093,-0.29908845
N1;O.co2,3.2667992,3.5523963,4.0299306,4.322821,4.4804583,3.0362108,-0.4202282,-0.71434575,-0.50865597,0.9491177
N1;O2,2.9318922,3.566647,3.6339943,3.8825693,4.741664,0.62514144,-0.3389458,-0.19822367,0.1936512,0.24924226
N1;O3,3.2926464,3.5273364,3.776665,4.176141,4.9411073,-1.1240612,1.1736208,0.6706762,-0.66932684,0.32064447
N1;S3,3.549036,3.75625,4.0779123,4.510023,4.700533,-3.2500558,0.80763364,1.7394595,-0.7541395,-1.0578301
N2;N2,3.0744889,3.8017669,3.9435863,4.3330193,4.695098,-2.4123266,0.043888114,-0.24300165,0.3041359,1.2474053
N2;N3,3.070942,3.5034328,3.8582067,4.409047,4.579636,1.4508008,-1.913898,-1.2051076,-0.09814732,0.51734287
N2;N3+,2.817204,3.34705,3.792701,4.012525,4.3620076,-3.7009254,-1.5640442,0.4726082,0.8771846,0.22232941
N2;Na,3.691399,3.633893,3.4043052,3.635587,3.403112,-0.85128576,0.035466526,0.14152296,-0.1436827,0.10200529
N2;Nam,2.8913155,3.2548525,3.72382,4.2881103,4.84797,-0.8693127,0.038415395,-0.710515,0.014683555,0.10141559
N2;Nar,3.1767192,3.4310238,3.76247,4.082237,4.5449796,-1.5818449,-0.20043309,0.35390332,-0.68594927,0.3245676
N2;Ng+,3.103906,3.4626298,3.985442,4.3934817,4.4913154,0.80546737,1.8347485,0.8617432,-0.15495808,0.6348477
N2;Nox,4.5796523,4.6885495,4.608715,4.6148357,5.127883,-0.01833348,0.057179563,0.080214724,-0.13441178,-0.24227566
N2;Npl,3.1954458,3.5863223,3.8183365,4.1751165,5.149769,-1.1072439,-0.12103919,0.60782933,-0.26339146,0.2791749
N2;Ntr,3.7250545,3.7564664,3.9213917,4.2977386,4.729325,-0.44802034,-0.25485855,0.21449116,-0.28091797,-0.525392
N2;O.co2,3.0088024,3.3191717,3.9669683,4.116291,4.5775847,0.43773365,0.7061598,0.13237178,-0.31311414,0.25207055
N2;O2,2.7452652,3.0468798,3.6968782,3.9822183,4.67117,-0.11552682,0.10764181,0.12697041,0.08080188,-0.026862461
N2;O3,2.8199735,3.0009096,3.885303,4.114071,4.553194,0.48237473,0.61216813,0.5245411,0.11783791,0.35518736
N2;P,3.56493,3.8039904,4.2649894,4.4608755,4.841033,-1.2321216,-0.32828867,-1.0750763,0.71643186,-1.4332099
N2;Pac,3.4313004,3.9868093,4.2017984,4.294334,4.6980834,-0.16281886,-1.255787,-0.8060057,1.1678286,0.60438806
N2;S2,3.1665463,3.5351312,3.9299939,4.1803565,4.665857,1.8159233,-2.7198138,-0.6375866,-1.0767,0.8751644
N2;S3,3.5237527,3.6109617,4.0127244,4.3703127,4.3782887,-0.2979904,0.31135538,-0.4802792,-0.15559982,0.10476449
N2;Sac,3.53,3.8788805,4.127481,4.1906347,4.5791397,0.34392568,-0.7137791,0.23524648,-0.06308677,0.46189922
N2;So2,3.3804004,3.6793725,3.961678,4.3801208,4.725293,0.5091715,2.0144975,0.67860615,-0.2948192,-0.7004393
N2;Zn,2.4866667,3.0480244,3.6230855,3.9466667,4.6522465,-1.1091654,1.0884646,-2.2263725,-0.6754505,-2.002422
N3+;N3+,2.6605499,3.2767866,3.8405135,4.0343127,4.4243636,1.0189795,0.70589954,-1.099296,-1.7313297,-0.46103182
N3+;Na,3.8951917,3.9133334,4.015,4.116667,4.158788,1.6834573,0.52793825,0.0,0.0,-0.027326172
N3+;Nam,3.2488463,3.4477553,3.878031,4.297688,4.409101,-0.28995386,-1.1120808,-0.56929106,-0.1899718,-0.048867654
N3+;Nar,2.7851121,3.5039463,3.4929464,3.977132,4.52963,1.1137072,-0.28587028,0.22047877,0.69375986,0.43408707
N3+;Ng+,3.1904964,3.7266436,4.0571136,4.3373814,4.64346,0.17131361,-2.0604858,0.6397738,-0.1608738,-0.9018835
N3+;Ni,1.8811029,1.8159289,1.7715315,2.0052156,2.0039358,-0.2956309,-0.13699292,-0.18158385,0.1389105,0.028190687
N3+;Npl,2.7083333,3.3285825,3.7200987,4.0612516,5.13439,1.4952552,0.9763321,-0.59653956,0.23975658,0.37639832
N3+;Ntr,3.8146622,3.8013854,4.275,4.49,4.705,-3.708376,-1.3096368,-1.6414723,-0.017178304,0.0
N3+;O.co2,2.6056216,3.2051303,3.5572903,4.0272346,4.7203565,-0.3895317,-0.019995172,0.25764215,0.0979953,0.23275705
N3+;O2,2.82095,3.2162395,3.629791,3.8101935,4.2343082,-0.017741257,-0.32024693,-0.21068276,0.0505677,-0.112175785
N3+;O3,2.7826207,2.9121766,3.5793068,4.1682935,4.5303974,-0.45061687,0.043645862,-0.22948182,-0.4297922,-0.08396007
N3+;P,3.2355816,3.7739193,4.1410575,4.506402,4.6668253,-2.347894,-0.2752917,0.0020218582,0.81820595,1.0814987
N3+;Pac,3.021604,3.365087,4.151554,4.4432225,4.6961937,1.964866,-0.34271264,0.070709996,0.48813534,1.102152
N3+;S2,3.925,3.9831738,4.50131,4.498102,4.6762943,-0.9942456,0.33704552,1.1237159,0.11213142,-0.19466355
N3+;S3,2.8916667,3.3195324,3.8911896,4.24168,4.7930703,0.51822066,-0.14087255,0.6747945,0.044440582,0.58887064
N3+;Sac,3.5021784,4.016234,4.022117,4.29123,4.6122813,0.07078147,-0.8922469,-0.061959885,-0.120739795,-0.73124707
N3+;So2,3.367063,3.7450666,4.248742,4.503974,4.8771825,0.17178051,-0.7534411,1.2645212,0.37777454,1.0289898
N3+;Sox,4.71965,4.7035136,4.7110944,4.494646,4.43952,-0.6464798,-0.2857254,-0.042339936,0.13568157,0.12800387
N3+;Zn,2.7033908,3.3554308,3.3181374,3.9371057,4.677566,-0.51379293,-1.4681884,-0.6590612,0.4536888,0.60835606
N3;N3,3.1476088,3.4802742,3.979939,4.3933907,4.64619,-0.07619854,-0.6538977,0.0222259,-1.222076,-0.4121151
N3;N3+,3.090121,3.339873,3.9365568,4.065273,4.3983474,0.8854815,-0.6447839,-0.8958842,-1.4050223,-1.1505924
N3;Nam,3.3382156,3.4754882,3.7729914,4.3247256,4.760206,0.109478086,0.54708666,0.9092582,0.69044113,0.17976226
N3;Nar,3.2193623,3.5641131,4.0977387,4.1917157,4.500781,-1.5630989,-0.7761917,-0.9908762,1.4746432,0.6566755
N3;Ng+,2.8858092,3.5688128,3.785918,4.1459203,4.5878634,-1.3230686,-0.56037205,-1.0004689,-0.10251442,0.48613995
N3;Nox,3.4233334,3.6166666,3.81,4.0033336,4.1966667,0.2811845,0.0,0.0,0.0,0.03165749
N3;Npl,2.9915707,3.6052938,4.0525675,4.3838277,4.5983324,-0.69056416,-0.31119913,-0.19317582,-1.6298482,1.3807504
N3;O.co2,2.8872998,3.534205,3.711563,4.3216815,4.4238544,0.9567522,-0.60814434,0.39099607,0.36587217,0.8006861
N3;O2,2.907568,3.4190671,3.5546913,3.793975,4.5914645,-0.45698228,-0.19300194,0.59668505,0.30681542,-0.006770541
N3;O3,2.7541537,3.1637917,3.6133811,4.192436,4.4530025,-0.67964303,-0.31111667,0.20545237,-0.5891406,0.5838323
N3;P,3.6973526,4.3182383,4.3215747,4.475642,4.7603073,1.3120831,1.8514361,0.766957,-1.2486598,-2.092662
N3;Pac,3.6698623,4.164791,4.3301573,4.4732184,4.7643957,1.2388488,1.0808702,0.31308046,-0.70801145,0.9397982
N3;S2,3.7131417,3.9568543,4.375693,4.578608,5.156555,-0.4981701,0.3359039,-0.94656867,0.8608597,-1.6498299
N3;S3,3.5616148,3.9075084,4.007043,4.393777,4.687074,0.9874995,0.14269957,0.7254752,1.9802202,0.74767727
N3;Sac,3.5097463,3.509427,3.5093312,3.5097327,3.7301524,1.3084369,1.2325664,0.6352821,-0.046297133,-0.6880622
N3;So2,3.7732978,4.021304,4.249689,4.468829,4.828634,0.3792163,-0.4574642,1.1129712,-1.7358992,0.3199025
N3;Zn,2.0381083,2.5969937,3.34,3.8123872,4.6994424,-0.6274549,-0.9725982,-0.35942307,2.2941232,-0.54782075
Na;Nam,3.9331872,4.2033534,3.9147155,4.195297,4.1155005,0.49279365,-0.109942526,0.074222185,-0.114411056,0.067333125
Na;Nar,4.0987444,4.0673866,3.7920663,4.0646243,3.8026843,0.3575527,0.1533817,-0.14004143,0.1361908,-0.14764148
Na;Npl,4.740995,5.060807,5.0352097,5.0632176,4.7601275,-0.5430794,0.22145331,0.011641286,0.055400744,-0.31685284
Na;O2,2.8123865,3.2366667,3.6901937,4.152083,4.342479,-1.2232788,1.9159294,-1.1011837,0.47011438,0.11857951
Na;O3,3.0079408,3.1333334,3.7136714,3.8921793,4.439295,0.039622508,0.08545238,0.22722179,-0.11400019,0.22142796
Na;P,3.381477,3.3713193,3.620425,3.820145,3.754119,0.25849035,0.41575304,0.44590527,0.43745494,0.16564849
Na;Pac,3.3250542,3.4666667,3.64,3.7826169,4.064315,0.4388466,0.03130694,0.0,-0.0547584,-0.8367724
Na;S3,3.5564275,3.5728161,3.3274317,3.2978847,3.3826933,0.63882107,-0.0077244486,0.07578091,0.08978488,-0.05146499
Nam;Nam,3.0731356,3.6130812,3.7109232,4.4710784,4.629413,-0.8716694,-0.5300006,-0.3667218,-0.11031376,-0.12519625
Nam;Nar,2.9005868,3.335559,3.7945786,4.1997347,4.9230413,0.007332089,-0.06155063,0.027617482,0.10926892,0.10980871
Nam;Ng+,3.1372159,3.4273565,3.60441,4.298241,4.601117,2.065429,1.2465818,-0.060814545,0.3393948,0.60776764
Nam;Ni,3.2862594,3.5266666,3.82,4.113333,4.4066668,-1.5665296,-0.46171355,0.0,0.0,0.0
Nam;Nox,3.6071916,3.6733334,3.834385,4.2928133,4.908611,0.82362694,0.0203578,-0.8881114,-1.1677055,-0.119204074
Nam;Npl,2.7061653,3.0701137,3.3875635,3.8418748,4.87925,1.9005853,0.6119796,-0.5753342,0.42272714,0.21304438
Nam;Ntr,3.1351664,3.7676175,3.765335,4.5334144,4.8142953,1.8570887,-0.67552733,0.16936465,0.57095397,0.047725525
Nam;O-,3.5633333,3.8066666,4.010899,4.331529,4.536667,0.581125,0.0,-0.20847873,-0.41725796,0.032126006
Nam;O.co2,2.7944322,3.3832023,3.8879287,4.0234737,4.6159625,-0.08851286,0.19973275,-0.4409179,-0.16382003,0.17818335
Nam;O2,2.5729177,3.1751366,3.5453784,4.158709,4.3069825,0.30268082,-0.0083904015,0.12741315,-0.016735464,-0.039668206
Nam;O3,2.996528,3.3028142,3.478548,4.300991,4.7133203,-0.36759552,0.017099641,-0.302571,-0.11074133,0.08268753
Nam;P,3.819104,3.931205,4.198061,4.763601,4.9067836,0.7337001,0.49780965,0.21103248,0.03340707,0.32815117
Nam;Pac,3.0438921,3.4523282,4.070527,4.3994575,4.6550717,-0.10026588,0.038283035,0.19447625,0.12543662,0.43736258
Nam;S2,3.4844158,3.7557247,3.9279509,4.324103,5.164705,1.0886239,0.3024165,0.8517366,0.2830223,-0.12279827
Nam;S3,3.0088232,3.3160505,3.7861435,4.381734,4.6039414,0.71327287,0.020375276,0.5873676,0.17757201,0.04092139
Nam;Sac,3.7740312,4.001988,4.0505733,4.570638,4.803529,-0.57291794,0.035296757,0.08743225,-0.15713155,-0.3304665
Nam;So2,3.3992445,3.6380022,4.4044075,4.2343116,4.719117,2.055828,0.97540134,0.3435056,0.5937335,-0.08013313
Nam;Sox,4.2157326,4.2833333,4.37,4.424955,4.4748883,0.3707189,0.26645148,0.0,-0.00077107886,0.06527267
Nam;Zn,2.2751157,2.9599597,3.43824,3.947191,4.359284,-1.9667802,-2.5945313,-2.294378,0.005587411,0.61654454
Nar;Nar,3.0852914,3.798159,4.0779376,4.5364695,5.181038,-1.0120615,0.03208049,-0.5959268,0.41083625,0.6474717
Nar;Ng+,2.9922483,3.4980965,4.021768,3.9799085,4.935797,0.50635237,-0.57491964,-0.21998572,0.027148435,0.28808007
Nar;Ni,2.4516666,2.7933333,3.135,3.4766667,3.8183334,-0.85614026,0.0,0.0,0.0,0.0
Nar;Nox,3.365,3.69,4.015,4.374421,4.631323,-0.42655003,0.0,0.0,0.1457792,-0.9337406
Nar;Npl,3.1991644,3.7756884,4.088227,4.528741,4.7004104,-1.6542242,-0.37211218,-0.048295096,0.05241624,-0.7934035
Nar;Ntr,3.8235111,4.0401597,4.2945037,4.346113,4.7834983,0.24842161,-1.2939422,0.70862144,0.6022271,1.3026973
Nar;O.co2,2.6126952,3.1057613,3.785575,4.1317406,4.8289003,-0.20138316,-0.80246484,-0.112122566,0.43582624,-0.21769634
Nar;O2,2.9448352,3.2184691,3.6876576,3.9689634,4.745518,-0.49514076,-0.12448499,-0.16122241,-0.26228243,-0.10644509
Nar;O3,2.9340708,3.087381,3.6700556,4.1761303,4.4887505,-0.11943218,-0.26914483,0.048971225,0.13035762,0.3963072
Nar;P,3.7764773,3.7815242,4.148074,4.49,5.1386366,-1.8424808,-0.5146618,1.3657079,-0.3287472,-1.9760119
Nar;Pac,3.7955658,4.1007485,4.1142154,4.5066667,4.733333,-3.1383913,0.028929992,-0.84062856,-0.5062256,0.0
Nar;S2,3.6159616,3.9736204,4.1540313,4.403333,4.6618533,-0.55336887,0.93462783,1.2786156,0.16354387,0.029720692
Nar;S3,3.5072165,3.8751848,4.0355163,4.4796505,4.812563,-0.63360834,0.10419626,0.0016886736,-0.065724716,-0.22503608
Nar;Sac,4.098846,4.1633334,4.405107,4.5266666,4.7083335,-0.59063774,-0.3228309,-1.9094759,-1.915447,-0.020751474
Nar;So2,3.8720012,3.85195,4.0285263,4.238982,4.252101,-1.5737851,-0.6832982,-0.85666174,-1.4877717,-0.55358267
Nar;Sox,4.463136,4.4232497,4.4999847,4.4816017,4.471289,0.14004953,0.11842712,-0.04569129,0.1524777,-0.028133413
Nar;Zn,2.6042254,3.2703636,3.5044634,3.6747816,4.4828906,-0.13436203,-0.018593112,1.2083733,-0.14733957,0.9516078
Ng+;Npl,3.4535837,3.676193,4.0751724,4.3788366,4.6551576,-1.006922,-0.7836427,0.048122827,1.0278658,-0.17430468
Ng+;Ntr,3.5494528,3.8065672,4.094038,4.3707113,4.62929,0.24745493,-0.74072826,-0.45956218,-0.19118458,-0.81785893
Ng+;O.co2,3.13,3.3226929,3.83,4.2045994,4.4939895,-0.11321168,0.4714273,0.44077247,-2.5883813,-0.92544276
Ng+;O2,2.868944,3.4643238,3.6265285,3.911485,4.4945645,-0.1341892,-0.041227818,0.050738472,-0.016586041,-0.10717486
Ng+;O3,2.9059393,3.058818,3.904281,4.034992,4.418037,0.45894867,0.4601183,0.064162105,-0.24527234,0.4300634
Ng+;P,3.6976864,3.9873571,4.1862106,4.528304,5.1771417,0.12618227,-0.012289987,0.0020917917,0.46127167,-0.9441541
Ng+;Pac,3.3019617,3.5569239,3.8585186,4.2472987,4.7176137,0.10887755,0.72868365,-0.036879953,0.17236637,-0.17537777
Ng+;S2,3.9314246,4.0378094,4.183023,4.535761,4.931027,0.3790638,-1.1262475,0.262224,-1.904575,1.3373959
Ng+;S3,3.7005477,4.226369,4.242582,4.4676685,4.675097,-0.5552545,0.20142603,0.23808561,-0.3150037,-1.7880021
Ng+;Sac,3.7434297,3.9413764,4.108924,4.7416596,4.6408954,0.26599455,0.063289955,0.20324317,0.47215676,0.30365953
Ng+;So2,3.6672509,3.9982512,4.1187315,4.4750147,4.704609,-0.46617007,-0.03036949,0.5047554,0.0464529,-0.14742891
Ng+;Sox,3.9049435,3.935214,3.9376996,4.2021856,3.9708567,-0.048190925,0.014766029,-0.07577109,-0.2231876,0.2680997
Ni;O2,2.448098,2.5964582,3.035,3.42,3.805,0.38666672,0.0824878,-2.252959,0.0,0.0
Ni;O3,2.414261,2.0957286,2.3599126,2.3788233,2.5440545,-0.20041424,0.14356342,-0.3126747,-0.43591017,-1.0018014
Nox;Npl,3.6189287,3.7633333,4.065,4.2989354,4.813355,-0.8659477,-0.8702841,0.0,-0.17076628,-0.8212707
Nox;O.co2,2.7236,3.1748185,3.464851,4.016667,4.3561225,-0.6083504,0.30958614,-0.45588362,0.39719486,-0.08425281
Nox;O2,3.0633333,3.4466667,4.0313053,4.371318,4.5706806,-0.28226832,0.0,-0.5103554,0.5258544,-0.059083425
Nox;O3,3.528682,3.7053487,3.9087853,4.2828827,4.520565,1.4887508,0.5019017,0.09923074,0.024033383,0.3695234
Nox;S3,3.6433334,3.9066668,4.17,4.4333334,4.6651073,0.068270504,0.0,0.0,0.0,-0.0008618551
Nox;Zn,2.35,2.71,3.1171527,3.43,3.79,-0.9963645,0.0,0.07484857,-0.16507463,0.0
Npl;Npl,3.579273,3.4034784,4.243486,4.242777,4.3982096,-1.4327209,-0.056280088,-1.1205153,-0.6323824,-0.57406104
Npl;Ntr,3.8571837,4.2054954,4.305,4.399339,4.7208943,-0.3366802,-0.5360938,-0.058447078,-0.09519165,-0.5362071
Npl;O.co2,2.8903666,3.0762649,3.7177837,4.3276277,4.587344,-0.5735864,-0.1893652,0.12479645,0.19618672,0.44486162
Npl;O2,2.9231856,3.2037506,3.7788615,4.0980015,4.294844,-0.5057013,-0.083547845,-0.47682,0.073596515,0.059282698
Npl;O3,2.9390478,3.4817512,3.8164122,4.1552334,4.572925,-0.019626092,0.5614894,0.4391072,0.023369081,-0.4503174
Npl;P,4.0432897,4.3245764,4.445227,4.5431385,4.650441,0.55293214,-0.11382743,0.8797746,0.11083782,1.075779
Npl;Pac,3.8637729,4.076291,4.0677195,4.5204983,4.357283,1.0255728,0.6164746,-0.10544242,-0.93626076,0.1810099
Npl;S2,3.356138,3.8171442,4.080793,4.4057913,4.843705,2.3560135,-0.48868603,-1.2355405,0.03426769,-1.4536989
Npl;S3,3.37449,3.678902,3.8865674,4.2848005,4.93056,0.06659306,0.41249207,-0.0929612,0.39524797,-0.45738328
Npl;So2,3.587564,4.007281,4.1184134,4.6331186,4.655646,-1.3278947,-0.4636317,-0.6042146,-1.0171635,-0.51116735
Npl;Zn,2.3817625,2.79,3.23,3.67,4.055277,1.789983,0.011257824,0.0,0.0,1.2932249
Ntr;O.co2,3.4026184,3.842896,3.8254173,4.303772,4.529009,-1.7196023,-2.0479364,1.2943833,1.8717825,0.67992175
Ntr;O2,3.2756343,3.6567543,4.017198,4.177277,4.550071,0.46501878,-1.427661,-0.89242303,0.4410115,-0.14570181
Ntr;O3,3.200252,3.5606837,3.7778444,4.5010567,4.5747943,-2.641699,0.6406799,0.94643927,0.90347,0.4022144
Ntr;S3,3.7456512,3.9140806,4.324225,4.367849,4.636908,-2.9275954,-0.9397898,-2.0566201,-0.8269771,-2.2835755
Ntr;Zn,3.04,3.34,3.64,3.94,4.24,-0.3351764,0.0,0.0,0.0,0.0
O-;O.co2,4.9090433,4.604467,4.652199,4.9101734,4.903873,-0.05303382,0.029907355,-0.1789099,-0.14565292,-0.0026820041
O-;O2,3.6266668,3.8615735,4.2380624,4.4266667,4.852717,-0.42439222,-0.04680603,-0.3996142,-0.23215568,-0.1255719
O-;O3,4.524101,4.5733333,4.5955358,4.904464,4.897131,0.5733515,0.34690508,-0.44043592,-1.9196252,-1.9010358
O-;S3,3.9275784,3.9285805,3.8800309,3.8840888,3.8171954,0.09539873,0.07482048,0.03925264,0.079900935,0.09259981
O.co2;O.co2,4.6190624,4.6123514,4.6844463,4.6812625,4.926999,0.5307966,0.22305882,-0.16756089,-0.07161741,0.22515267
O.co2;O2,2.8089817,2.9720187,3.7538908,3.9280138,4.707581,-0.16339292,0.21769206,-0.076552235,-0.19180006,-0.077164985
O.co2;O3,2.5988135,3.0054471,3.9580622,4.0557914,4.464274,-0.1513996,-0.047708537,0.19178785,0.06718645,0.28976133
O.co2;P,3.6332712,3.9386,4.1294885,4.5506706,4.850591,-0.854897,0.42288047,-0.13478102,-0.028025357,0.66487855
O.co2;Pac,3.2946122,3.6616006,4.097277,4.4313254,4.6091266,1.7248014,0.11145916,1.7860879,0.36293995,-0.68147844
O.co2;S2,3.1632433,3.5506563,3.8060868,4.2840004,4.6665134,-1.8160928,-0.042153966,-2.2858834,-0.5606689,-1.2148169
O.co2;S3,3.0747674,3.4907126,3.9625068,4.246502,4.590849,-0.02244192,-0.45864654,-0.0073718927,0.8183886,0.044490237
O.co2;Sac,3.6013048,3.8085167,4.125514,4.298738,4.4604425,0.97551125,0.7454987,1.1583968,-0.033763878,-0.11101914
O.co2;So2,3.7252986,4.0143447,4.3776793,4.836302,5.18484,0.7761758,0.13088034,-0.9592372,-0.91863626,-0.3679789
O.co2;Sox,4.261008,4.381687,4.381304,4.258017,4.182783,-0.43406466,-0.16168906,-0.035302866,0.08906896,0.1532471
O2;O2,2.995415,3.2219658,3.3543994,3.9570422,4.5951185,0.13894852,-0.1867147,0.090363175,0.11281995,-0.04120716
O2;O3,2.8379636,3.3370404,3.5611844,4.130315,4.8973675,0.14826046,0.050629336,0.1965375,-0.004545186,0.087744184
O2;P,3.1153812,3.6168883,3.9261475,4.2548175,4.689149,3.1862593,0.6001136,-0.49712136,-0.25061044,0.13588145
O2;Pac,3.300865,3.6570818,4.0032096,4.50451,4.683861,1.0953655,1.6845816,-0.26499757,0.26265913,0.20091866
O2;S2,3.1257477,3.5088694,3.915558,4.2127805,4.9276342,0.2669468,0.57167053,-0.21699437,0.26508218,0.14971098
O2;S3,3.2371876,3.492177,3.8247674,4.3441606,4.5095725,0.915456,0.4283629,0.22749647,0.34756213,0.1077739
O2;Sac,3.9194221,4.039548,4.52491,4.5861087,4.741992,0.3211098,0.6651355,1.9630275,1.5579525,0.614319
O2;So2,3.4387383,3.7083306,3.9934778,4.218278,5.16573,-1.2435976,-0.3882852,-1.0686759,-0.70215386,-0.34211546
O2;Sox,3.605,3.8762434,4.135,4.4,4.514288,-0.041911747,-1.1001166,-1.117965,0.0,-0.35489497
O2;Sr,2.9616666,3.3133333,3.613842,4.016667,4.339517,1.0008211,0.0,0.07596165,1.0000452,-0.0014173001
O2;Zn,1.9513429,2.6218207,3.2313387,3.7255776,4.5245275,0.39560127,-0.34607303,0.19205591,-0.14168991,0.587759
O3;O3,2.5761662,2.657914,3.6865635,4.2058873,4.2825894,0.27206677,-0.06895262,0.09385132,-0.057534233,0.08039161
O3;P,3.4080062,3.720966,3.854214,4.3571267,4.756181,0.41741467,-0.49956426,0.0134979,0.37564245,0.5476471
O3;Pac,3.1618278,3.8810816,4.133291,4.274854,4.8090253,0.04875489,-0.095560335,-0.802425,-0.5862161,-0.9250124
O3;S2,3.1266732,3.5196075,3.9568963,4.3672276,4.4454317,1.8414991,-0.24125528,-0.02118828,-0.7992556,0.26593974
O3;S3,2.768915,3.1821558,3.8732274,4.1501217,4.5205073,-0.04864039,-1.062867,0.019021362,-0.31772947,-0.18207061
O3;Sac,3.8939624,3.9089615,4.282829,4.507533,4.622857,-0.93848306,-0.89201605,-0.8949883,-1.0299954,-0.6345316
O3;So2,3.3708055,3.8148022,4.2236114,4.3744364,4.8608584,-0.8428626,0.01836769,0.128688,0.22665456,0.7839228
O3;Sox,4.0882792,4.241223,4.36,4.5033336,4.5845456,-0.74545735,-0.7430817,-0.11307604,0.0,0.0011193084
O3;Sr,5.110354,4.74759,5.115147,4.7438536,4.7516747,0.47168788,-0.12971812,0.11769149,-0.15667205,0.01725638
O3;Zn,2.325705,2.952928,3.4738648,4.0956473,4.3536444,-0.40310076,0.6842142,-0.31175774,0.89948356,0.22314435
P;S3,4.2551775,4.478393,4.527159,4.705484,4.7689548,-0.2387902,-3.4848013,-0.42830428,-0.23528111,-0.34673092
P;Zn,2.8956769,3.0025325,3.1522481,3.4173481,3.6816666,0.61440593,-0.51683724,-0.9928965,-2.0585623,1.5605023
Pac;S3,3.411046,3.7933333,4.085,4.3766665,4.6431036,-1.5975599,-0.14891188,0.0,0.0,3.3639462
Pac;Sr,3.841816,3.4688928,3.5594163,3.8435407,3.5072567,0.3748184,-0.13537484,0.16306597,0.10874352,-0.13094935
Pac;Zn,3.0648344,3.4636512,3.9200191,4.113333,4.440045,0.5123035,-0.4047523,-0.5948556,-0.3890854,0.0019897118
S2;S3,3.4377882,3.7320871,4.0752516,4.287602,4.733981,2.375893,0.49664682,-0.7628271,-1.9065564,-0.43010074
S2;Zn,2.751181,3.1533334,3.531338,4.128,4.5383334,0.95141214,0.30934873,0.9706032,0.31380543,0.16726954
S3;S3,3.4454312,3.8805418,4.2111735,4.4714203,4.8883495,-2.480188,0.30113074,-0.62094396,0.3950566,-1.3975081
S3;Sac,3.386156,3.4091094,3.4926784,3.7188656,3.4927578,-0.3879633,-0.3265542,-0.3649471,-0.5242937,0.20925154
S3;So2,3.4876518,3.8256757,4.264321,4.26128,4.606609,0.2334903,0.5207678,-1.1228336,-0.11001096,0.47514623
S3;Zn,2.246495,2.9242206,3.3447335,3.9666667,4.4258723,-0.46391663,-0.12679566,-0.12356775,-1.0232797,0.51336044
So2;Zn,2.4633334,2.547301,2.8927498,3.1393135,3.3242795,-0.36804232,0.4146409,-0.7663598,-0.42345467,-0.34796396
a1b1,-0.014364946,0.006107171,-0.024363954,0.0015337964,-0.045773745,-0.47866932,-0.47866932,-0.47866932,-0.47866932,-0.47866932
a2b2,-0.57806134,-0.79523116,0.5031189,-0.68440014,0.6694847,-0.47866932,-0.47866932,-0.47866932,-0.47866932,-0.47866932
